date,segment,obs.sp,total_attempts,success_attempts,duration,worms1,crabs1,fishfry1,mollusks1,remarks
19.12.19,27,Lesser/Greater Sand-Plover,12,7,3,7,,,,
19.12.19,27,Lesser/Greater Sand-Plover,12,8,3,8,,,,
19.12.19,27,Whimbrel,22,9,3,,7,,2,
19.12.19,27,Eurasian Curlew,31,15,3,,5,3,3,
19.12.19,27,Lesser/Greater Sand-Plover,26,7,3,6,1,,,
19.12.19,27,Eurasian Curlew,12,9,3,,,,,
19.12.19,27,Lesser/Greater Sand-Plover,15,5,3,,,,,
19.12.19,27,Lesser/Greater Sand-Plover,14,5,3,,,,,
19.12.19,27,Eurasian Curlew,22,6,3,1,5,,1,
19.12.19,27,Lesser/Greater Sand-Plover,12,5,3,5,,,,
19.12.19,27,Lesser/Greater Sand-Plover,15,7,3,,,,,
19.12.19,27,Eurasian Curlew,20,8,3,,,,,
19.12.19,27,Lesser/Greater Sand-Plover,10,4,3,,,,,
19.12.19,27,Eurasian Curlew,22,11,3,,,,,
19.12.19,27,Eurasian Curlew,18,8,3,7,1,,,
19.12.19,27,Lesser/Greater Sand-Plover,12,8,3,,,,,
19.12.19,27,Lesser/Greater Sand-Plover,13,7,3,,,,,
19.12.19,27,Lesser/Greater Sand-Plover,18,10,3,,,,,
19.12.19,27,Lesser/Greater Sand-Plover,12,6,3,,,,,
19.12.19,27,Eurasian Curlew,15,9,3,2,5,2,,
19.12.19,27,Lesser/Greater Sand-Plover,17,10,3,,,,,
19.12.19,27,Lesser/Greater Sand-Plover,19,12,3,,,,,
19.12.19,27,Eurasian Curlew,16,6,3,,,,,
19.12.19,27,Lesser/Greater Sand-Plover,15,5,3,,,,,
19.12.19,27,Eurasian Curlew,23,10,3,,,,,
19.12.19,27,Common Sandpiper,33,22,3,4,,7,1,
19.12.19,27,Common Redshank,55,26,3,,,,,
19.12.19,27,Common Redshank,65,18,3,,,,,
19.12.19,27,Lesser/Greater Sand-Plover,19,9,3,,,,,
19.12.19,27,Eurasian Curlew,24,6,3,,,,,
19.12.19,27,Whimbrel,28,8,3,,,,,
19.12.19,27,Eurasian Curlew,18,6,3,,,,,
19.12.19,27,Common Redshank,37,17,3,,,,,
19.12.19,27,Common Redshank,48,19,3,,,,,
19.12.19,27,Lesser/Greater Sand-Plover,29,7,3,,,,,
19.12.19,27,Lesser/Greater Sand-Plover,19,9,3,,,,,
21.12.19,9,Common Greenshank,25,5,3,,,,,
21.12.19,9,Black-headed Ibis,22,12,3,2,3,7,,
21.12.19,9,Black-headed Ibis,18,10,3,,10,,,
21.12.19,9,Black-headed Ibis,32,10,3,,,,,
21.12.19,9,Common Greenshank,18,5,3,,,,,
21.12.19,9,Common Greenshank,21,7,3,,,,,
21.12.19,9,Eurasian Curlew,20,9,3,,,,,
21.12.19,9,Eurasian Curlew,24,11,3,,,,,
21.12.19,9,Black-headed Ibis,22,8,3,,,,,
21.12.19,9,Black-headed Ibis,21,9,3,,,,,
21.12.19,9,Black-headed Ibis,24,13,3,,,,,
21.12.19,9,Black-headed Ibis,23,13,3,,,,,
21.12.19,9,Eurasian Curlew,31,11,3,,,,,
21.12.19,9,Common Greenshank,23,7,3,,,,,
21.12.19,9,Black-headed Ibis,29,12,3,,,,,
21.12.19,9,Black-headed Ibis,25,15,3,,,,,
21.12.19,9,Black-headed Ibis,27,13,3,,,,,
21.12.19,9,Common Greenshank,18,5,3,,,,,
21.12.19,9,Common Greenshank,24,8,3,,,,,
21.12.19,9,Black-headed Ibis,21,6,3,,,,,
21.12.19,9,Common Greenshank,45,15,3,,,,,
21.12.19,9,Black-headed Ibis,32,12,3,2,,10,,
21.12.19,9,Black-headed Ibis,26,13,3,,,,,
21.12.19,9,Black-headed Ibis,22,14,3,,,,,
21.12.19,9,Black-headed Ibis,20,6,3,,,,,
21.12.19,9,Black-headed Ibis,13,3,3,,,,,
21.12.19,9,Common Greenshank,48,13,3,9,3,,,
21.12.19,9,Common Greenshank,55,18,3,,,,,
21.12.19,9,Eurasian Curlew,43,9,3,3,5,,1,
21.12.19,9,Common Redshank,74,17,3,,,,,
21.12.19,9,Common Redshank,54,14,3,,,,,
21.12.19,9,Eurasian Curlew,32,8,3,,,,,
21.12.19,9,Eurasian Curlew,22,9,3,,,,,
21.12.19,9,Common Redshank,59,16,3,,,,,
21.12.19,9,Common Greenshank,35,7,3,,,,,
21.12.19,9,Common Redshank,63,19,3,,,,,
28.12.19,5,Eurasian Curlew,25,5,3,,,,,
28.12.19,5,Common Redshank,67,7,3,,,,,
28.12.19,5,Eurasian Curlew,17,2,3,,,,,
28.12.19,5,Common Greenshank,42,7,3,,,,,
28.12.19,5,Kentish Plover,28,3,3,,,,,
28.12.19,5,Eurasian Curlew,21,6,3,,3,,,
28.12.19,5,Eurasian Curlew,19,2,3,,,,,
28.12.19,5,Common Greenshank,36,7,3,,,,,
28.12.19,5,Eurasian Curlew,23,5,3,,,,,
28.12.19,5,Eurasian Curlew,22,7,3,,,,,
28.12.19,5,Common Redshank,61,8,3,,,,,
28.12.19,5,Common Greenshank,18,4,2,,,,,
28.12.19,5,Common Greenshank,27,7,3,,,,,
28.12.19,5,Eurasian Curlew,22,12,3,,,,,
28.12.19,5,Eurasian Curlew,27,17,3,,,,,
28.12.19,5,Common Greenshank,28,9,3,,,,,
28.12.19,5,Common Greenshank,17,4,3,,,,,
28.12.19,5,Common Greenshank,22,9,3,,,,,
28.12.19,5,Common Greenshank,28,7,3,,,,,
28.12.19,5,Common Greenshank,29,12,3,,,,,
28.12.19,5,Eurasian Curlew,15,3,3,,,,,
28.12.19,5,Lesser/Greater Sand-Plover,39,4,3,,,,,
28.12.19,5,Eurasian Curlew,27,9,3,,,,,
28.12.19,5,Lesser/Greater Sand-Plover,23,6,3,,,,,
28.12.19,5,Eurasian Curlew,15,5,3,,2,3,,
28.12.19,5,Eurasian Curlew,19,11,3,,,,,
28.12.19,5,Eurasian Curlew,29,12,3,,,,,
28.12.19,5,Common Redshank,59,9,3,,1,4,2,
28.12.19,5,Common Sandpiper,28,2,2,,,,,
29.12.19,2,Common Redshank,44,14,3,,,,,
29.12.19,2,Common Redshank,44,19,3,,,,,
29.12.19,2,Lesser/Greater Sand-Plover,6,1,3,,,,,
29.12.19,2,Lesser/Greater Sand-Plover,15,6,3,,,,,
29.12.19,2,Lesser/Greater Sand-Plover,15,9,3,,,,,
29.12.19,2,Eurasian Curlew,61,11,3,,,,,
29.12.19,2,Common Redshank,27,7,3,,,,,
29.12.19,2,Common Redshank,33,9,3,,,,,
29.12.19,2,Lesser/Greater Sand-Plover,19,7,3,,,,,
29.12.19,2,Common Greenshank,31,13,3,,,,,
29.12.19,2,Lesser/Greater Sand-Plover,13,6,3,6,,,,
29.12.19,2,Lesser/Greater Sand-Plover,14,3,3,,,,,
29.12.19,2,Lesser/Greater Sand-Plover,5,1,3,,,,,
29.12.19,2,Common Redshank,39,9,3,,,,,
29.12.19,2,Common Redshank,29,11,3,,,,,
29.12.19,2,Lesser/Greater Sand-Plover,23,3,3,,,,,
29.12.19,2,Lesser/Greater Sand-Plover,14,3,3,,,,,
29.12.19,2,Common Redshank,33,10,3,4,,4,2,
29.12.19,2,Common Redshank,35,8,3,,,,,
29.12.19,2,Common Redshank,36,6,3,,,,,
29.12.19,2,Lesser/Greater Sand-Plover,10,2,3,,,,,
29.12.19,2,Common Redshank,43,13,3,,,,,
29.12.19,2,Common Redshank,47,7,3,,,,,
29.12.19,2,Common Redshank,33,3,3,,,,,
29.12.19,2,Common Redshank,28,8,3,,,,,
29.12.19,2,Lesser/Greater Sand-Plover,12,3,3,,,,,
29.12.19,2,Common Greenshank,29,7,3,,,,,
29.12.19,2,Common Greenshank,27,12,3,,,,,
29.12.19,2,Common Redshank,38,11,3,,,,,
29.12.19,2,Lesser/Greater Sand-Plover,32,12,3,,,,,
29.12.19,2,Common Redshank,44,14,3,,,,,
29.12.19,2,Common Greenshank,37,7,3,,,,,
29.12.19,2,Lesser/Greater Sand-Plover,33,13,3,,,,,
29.12.19,2,Common Redshank,30,7,3,7,,,,
29.12.19,2,Common Redshank,47,11,3,5,1,5,,
29.12.19,2,Common Redshank,55,13,3,,,,,
31.12.19,20,Common Redshank,75,19,3,,,,,
31.12.19,20,Common Redshank,46,11,3,,,,,
31.12.19,20,Common Greenshank,47,8,3,,,,,
31.12.19,20,Common Redshank,64,12,3,,,,,
31.12.19,20,Eurasian Curlew,30,7,3,,,,,
31.12.19,20,Common Greenshank,13,2,3,,,,,
31.12.19,20,Common Redshank,51,12,3,,,,,
31.12.19,20,Common Redshank,40,9,3,,,,,
31.12.19,20,Common Redshank,43,11,3,,,,,
31.12.19,20,Common Redshank,54,10,3,,,,,
31.12.19,20,Common Redshank,49,13,3,,,,,
31.12.19,20,Common Redshank,47,7,3,,,,,
31.12.19,20,Common Greenshank,26,6,3,,,,,
31.12.19,20,Common Redshank,56,11,3,,,,,
31.12.19,20,Lesser/Greater Sand-Plover,19,6,3,,,,,
31.12.19,20,Lesser/Greater Sand-Plover,23,8,3,,,,,
31.12.19,20,Lesser/Greater Sand-Plover,26,9,3,,,,,
31.12.19,20,Lesser/Greater Sand-Plover,21,11,3,,,,,
31.12.19,20,Common Redshank,31,7,2,,,,,
31.12.19,20,Common Redshank,62,4,3,,,,,
31.12.19,20,Common Redshank,44,12,3,4,3,1,3,
1.1.20,16,Pied Avocet,67,11,3,,,,,
1.1.20,16,Pied Avocet,60,8,3,,,,,
1.1.20,16,Pied Avocet,53,9,3,,,,,
1.1.20,16,Bar-tailed Godwit,34,10,3,5,3,,2,
1.1.20,16,Black-headed Ibis,34,5,3,,,,,
1.1.20,16,Black-headed Ibis,26,9,3,,,,,
1.1.20,16,Black-headed Ibis,32,11,3,,,,,
1.1.20,16,Black-headed Ibis,11,4,3,,,,,disturbed by gulls
1.1.20,16,Black-headed Ibis,19,6,3,,,,,
1.1.20,16,Black-headed Ibis,30,1,3,,,,,
1.1.20,16,Lesser/Greater Sand-Plover,16,4,3,,,,,
1.1.20,16,Lesser/Greater Sand-Plover,21,4,3,,,,,
1.1.20,16,Kentish Plover,31,9,3,,,,,
1.1.20,16,Lesser/Greater Sand-Plover,12,2,3,,,,,
1.1.20,16,Lesser/Greater Sand-Plover,28,18,3,,,,,
1.1.20,16,Lesser/Greater Sand-Plover,32,10,3,,,,,
1.1.20,16,Black-headed Ibis,40,4,3,,,4,,
1.1.20,16,Black-headed Ibis,45,5,3,,1,4,,one attempt could not swallow
1.1.20,16,Black-headed Ibis,24,8,2,1,1,6,,
1.1.20,16,Lesser/Greater Sand-Plover,28,12,3,,,,,
1.1.20,16,Lesser/Greater Sand-Plover,17,5,3,,,,,
1.1.20,16,Black-headed Ibis,46,6,3,,,,,
1.1.20,16,Black-headed Ibis,15,4,3,,,,,
1.1.20,16,Black-headed Ibis,20,3,3,,,,,
1.1.20,16,Black-headed Ibis,32,0,3,,,,,
1.1.20,16,Black-headed Ibis,35,3,3,,,,,
1.1.20,16,Black-headed Ibis,27,2,3,,,,,
1.1.20,16,Black-headed Ibis,38,4,3,,,,,
1.1.20,16,Black-headed Ibis,24,2,3,,,,,
1.1.20,16,Black-headed Ibis,36,5,3,,,,,
1.1.20,16,Eurasian Curlew,27,8,3,,,,,
1.1.20,16,Eurasian Curlew,15,6,3,,,,,
1.1.20,16,Eurasian Curlew,14,3,2,,,,,
1.1.20,16,Black-headed Ibis,10,2,1,,,,,could not swallow because of gulls
1.1.20,16,Black-headed Ibis,11,3,3,,,,,
1.1.20,16,Black-headed Ibis,4,1,3,,,,,
2.1.20,1,Little/Red-necked Stint,44,26,3,,,,,
2.1.20,1,Little/Red-necked Stint,32,18,3,,,,,
2.1.20,1,Black-tailed Godwit,68,13,3,,,,,
2.1.20,1,Black-tailed Godwit,43,9,3,,,,,
2.1.20,1,Eurasian Curlew,13,0,1,,,,,
2.1.20,1,Eurasian Curlew,29,2,2,,,,,
2.1.20,1,Black-tailed Godwit,39,5,3,,,,,
2.1.20,1,Black-tailed Godwit,44,7,3,,,,,
2.1.20,1,Black-tailed Godwit,59,6,3,,,,,
2.1.20,1,Black-tailed Godwit,45,4,3,,,,,
2.1.20,1,Common Redshank,34,4,3,,,,,
2.1.20,1,Common Redshank,51,5,3,,,,,
2.1.20,1,Common Greenshank,29,3,3,,,,,
2.1.20,1,Lesser/Greater Sand-Plover,27,5,3,,,,,
2.1.20,1,Lesser/Greater Sand-Plover,34,9,3,,,,,
2.1.20,1,Lesser/Greater Sand-Plover,27,7,2,,,,,
2.1.20,1,Lesser/Greater Sand-Plover,50,11,3,,,,,
2.1.20,1,Lesser/Greater Sand-Plover,20,6,3,,,,,
2.1.20,1,Lesser/Greater Sand-Plover,43,24,3,,,,,
2.1.20,1,Lesser/Greater Sand-Plover,40,7,3,3,,,,
2.1.20,1,Lesser/Greater Sand-Plover,17,3,2,1,2,,,
2.1.20,1,Lesser/Greater Sand-Plover,17,3,3,,,,,
2.1.20,1,Lesser/Greater Sand-Plover,16,6,3,,,,,
2.1.20,1,Lesser/Greater Sand-Plover,18,4,3,,,,,
2.1.20,1,Lesser/Greater Sand-Plover,28,7,3,,,,,
2.1.20,1,Lesser/Greater Sand-Plover,14,2,1,,,,,
2.1.20,1,Lesser/Greater Sand-Plover,35,12,3,,,,,
2.1.20,1,Lesser/Greater Sand-Plover,32,7,3,,,,,
2.1.20,1,Lesser/Greater Sand-Plover,26,6,3,,,,,
2.1.20,1,Common Greenshank,22,7,3,,,,,
2.1.20,1,Lesser/Greater Sand-Plover,39,8,3,,,,,
2.1.20,1,Lesser/Greater Sand-Plover,14,3,2,,,,,
2.1.20,1,Lesser/Greater Sand-Plover,26,7,3,,,,,
2.1.20,1,Common Greenshank,10,2,3,,,,,
16.1.20,162,Black-tailed Godwit,62,16,3,12,,,,
16.1.20,162,Black-tailed Godwit,54,17,3,,,,,
16.1.20,162,Lesser/Greater Sand-Plover,15,3,3,,,,,
16.1.20,162,Lesser/Greater Sand-Plover,27,6,3,,,,,
16.1.20,162,Lesser/Greater Sand-Plover,19,3,3,,,,,
16.1.20,162,Lesser/Greater Sand-Plover,22,7,3,,,,,
16.1.20,162,Common Redshank,15,4,3,,,,,
16.1.20,162,Black-tailed Godwit,23,6,3,,,,,
16.1.20,162,Black-tailed Godwit,29,7,3,,,,,
16.1.20,162,Black-tailed Godwit,31,5,2,,,,,
16.1.20,162,Black-tailed Godwit,43,6,3,,,,,
16.1.20,162,Lesser/Greater Sand-Plover,3,1,1,,,,,
16.1.20,162,Lesser/Greater Sand-Plover,46,9,2,,,,,
16.1.20,162,Black-headed Ibis,24,4,3,,,,,
16.1.20,162,Common Greenshank,34,4,3,,,,,
16.1.20,162,Pied Avocet,36,4,3,,,,,
16.1.20,162,Common Greenshank,27,8,3,,,,,
16.1.20,162,Lesser/Greater Sand-Plover,16,3,2,,,,,
16.1.20,162,Terek Sandpiper,32,19,3,,,,,
16.1.20,162,Terek Sandpiper,28,13,3,,,,,
16.1.20,162,Lesser/Greater Sand-Plover,23,5,3,,,,,
16.1.20,162,Lesser/Greater Sand-Plover,24,4,3,,,,,
16.1.20,162,Lesser/Greater Sand-Plover,39,7,3,,,,,
16.1.20,162,Common Greenshank,37,8,2,,,,,
16.1.20,162,Common Greenshank,23,5,2,,,,,
16.1.20,162,Lesser/Greater Sand-Plover,34,7,3,,,,,
16.1.20,162,Lesser/Greater Sand-Plover,17,3,3,,,,,
16.1.20,162,Common Greenshank,29,5,3,,,,,
16.1.20,162,Lesser/Greater Sand-Plover,3,2,3,,,,,
16.1.20,162,Lesser/Greater Sand-Plover,19,4,3,,,,,
16.1.20,162,Lesser/Greater Sand-Plover,25,5,3,,,,,
16.1.20,162,Lesser/Greater Sand-Plover,7,2,3,,,,,
16.1.20,162,Common Redshank,20,4,3,,,,,
16.1.20,162,Lesser/Greater Sand-Plover,8,4,3,,,,,
17.1.20,165,Pied Avocet,56,9,3,,,,,
17.1.20,165,Grey Plover,8,3,3,,,,,
17.1.20,165,Black-tailed Godwit,46,14,3,,,,,
17.1.20,165,Bar-tailed Godwit,22,12,3,,,,,
17.1.20,165,Bar-tailed Godwit,27,9,3,,,,,
17.1.20,165,Black-tailed Godwit,37,13,3,,,,,
17.1.20,165,Bar-tailed Godwit,35,7,3,,,,,
17.1.20,165,Lesser/Greater Sand-Plover,19,12,3,,,,,
17.1.20,165,Bar-tailed Godwit,36,10,3,,,,,
17.1.20,165,Grey Plover,14,3,3,,,,,
17.1.20,165,Bar-tailed Godwit,27,11,3,,,,,
17.1.20,165,Grey Plover,10,4,3,,,,,
17.1.20,165,Black-tailed Godwit,39,8,3,,,,,
17.1.20,165,Black-tailed Godwit,43,7,3,,,,,
17.1.20,165,Pacific Golden-Plover,7,3,3,,,,,
17.1.20,165,Black-tailed Godwit,47,16,3,,,,,
17.1.20,165,Black-headed Ibis,37,7,3,,,,,
17.1.20,165,Common Redshank,47,7,3,,,,,
17.1.20,165,Curlew Sandpiper,43,9,3,,,,,
17.1.20,165,Curlew Sandpiper,46,8,3,,,,,
17.1.20,165,Broad-billed Sandpiper,42,19,3,,,,,
17.1.20,165,Broad-billed Sandpiper,31,13,3,,,,,
17.1.20,165,Pied Avocet,40,13,3,,,,,
17.1.20,165,Curlew Sandpiper,43,14,3,,,,,
17.1.20,165,Curlew Sandpiper,35,9,3,,,,,
17.1.20,165,Black-tailed Godwit,34,18,3,,,,,
17.1.20,165,Eurasian Curlew,36,7,3,,,,,
17.1.20,165,Curlew Sandpiper,47,13,3,,,,,
17.1.20,165,Curlew Sandpiper,39,9,3,,,,,
17.1.20,165,Common Greenshank,16,4,3,,,,,
17.1.20,165,Whimbrel,17,3,3,,,,,
17.1.20,165,Black-tailed Godwit,20,4,2,,,,,
17.1.20,165,Bar-tailed Godwit,28,7,3,,,,,
17.1.20,165,Black-headed Ibis,19,4,3,,,,,
17.1.20,165,Eurasian Curlew,6,2,3,,,,,
17.1.20,165,Bar-tailed Godwit,31,7,2,,,,,
18.1.20,160,Curlew Sandpiper,70,22,3,,,,,
18.1.20,160,Dunlin,55,12,2,,,,,
18.1.20,160,Pied Avocet,57,11,3,,,,,
18.1.20,160,Common Redshank,27,7,2,,,,,
18.1.20,160,Black-tailed Godwit,46,14,3,,,,,
18.1.20,160,Common Greenshank,60,14,3,,,,,
18.1.20,160,Black-tailed Godwit,43,12,3,,,,,
18.1.20,160,Common Greenshank,33,11,3,,,,,
18.1.20,160,Common Redshank,27,9,3,,,,,
18.1.20,160,Black-tailed Godwit,27,11,3,,,,,
18.1.20,160,Common Greenshank,32,9,3,,,,,
18.1.20,160,Black-tailed Godwit,31,21,3,,,,,
18.1.20,160,Eurasian Curlew,34,6,3,,,,,
18.1.20,160,Common Greenshank,35,6,3,,,,,
18.1.20,160,Black-tailed Godwit,38,11,3,,,,,
18.1.20,160,Common Redshank,36,7,3,,,,,
18.1.20,160,Asian Dowitcher,28,5,3,5,,,,
18.1.20,160,Asian Dowitcher,36,9,3,6,,,3,
18.1.20,160,Black-headed Ibis,32,4,3,,,,,
18.1.20,160,Black-headed Ibis,34,6,3,,,,,
18.1.20,160,Common Greenshank,33,13,3,,,,,
18.1.20,160,Common Greenshank,31,9,3,,,,,
18.1.20,160,Black-tailed Godwit,21,8,3,,,,,
18.1.20,160,Whimbrel,17,3,3,,,,,
18.1.20,160,Eurasian Curlew,27,6,3,,,,,
18.1.20,160,Black-headed Ibis,13,3,3,,,,,
18.1.20,160,Common Greenshank,34,7,3,,,,,
18.1.20,160,Eurasian Curlew,21,10,3,,,,,
18.1.20,160,Common Greenshank,26,6,3,,,,,
18.1.20,160,Black-headed Ibis,6,1,3,,,,,
19.1.20,150,Eurasian Curlew,35,8,3,,,,,
19.1.20,150,Common Redshank,38,14,3,,,,,
19.1.20,150,Eurasian Curlew,28,6,3,,,,,
19.1.20,150,Eurasian Curlew,31,7,3,,,,,
19.1.20,150,Common Greenshank,13,4,3,,,,,
19.1.20,150,Black-headed Ibis,15,3,2,,,,,
19.1.20,150,Common Greenshank,10,2,3,,,,,
19.1.20,150,Eurasian Curlew,16,5,3,,,,,
19.1.20,150,Common Redshank,51,7,3,,,,,
19.1.20,150,Eurasian Curlew,21,4,3,,,,,
19.1.20,150,Common Redshank,53,6,3,,,,,
19.1.20,150,Eurasian Curlew,34,9,3,,,,,
19.1.20,150,Eurasian Curlew,32,7,3,,,,,
19.1.20,150,Eurasian Curlew,27,4,3,,,,,
19.1.20,150,Eurasian Curlew,27,8,3,,,,,
19.1.20,150,Eurasian Curlew,29,6,3,,,,,
19.1.20,150,Eurasian Curlew,20,6,3,,,,,
19.1.20,150,Eurasian Curlew,33,7,3,,,,,
19.1.20,150,Eurasian Curlew,24,7,3,,,,,
19.1.20,150,Eurasian Curlew,19,5,3,,,,,
19.1.20,150,Eurasian Curlew,30,6,3,,,,,
19.1.20,150,Eurasian Curlew,31,5,3,,,,,
19.1.20,150,Eurasian Curlew,23,5,3,,,,,
19.1.20,150,Little/Red-necked Stint,49,18,3,,,,,
19.1.20,150,Little/Red-necked Stint,25,11,2,,,,,
19.1.20,150,Eurasian Curlew,30,7,3,,,,,
19.1.20,150,Eurasian Curlew,33,13,3,,,,,
19.1.20,150,Eurasian Curlew,26,5,3,,,,,
19.1.20,150,Eurasian Curlew,20,8,3,,,,,
19.1.20,150,Whimbrel,16,6,3,,,,,
19.1.20,150,Little/Red-necked Stint,8,5,2,5,,,,
19.1.20,150,Eurasian Curlew,18,6,3,,,,,
19.1.20,150,Eurasian Curlew,24,9,3,,,,,
19.1.20,150,Whimbrel,19,11,3,,,,,
19.1.20,150,Whimbrel,14,10,3,,,,,
19.1.20,150,Eurasian Curlew,26,7,3,,,,,
19.1.20,150,Eurasian Curlew,18,5,3,,,,,
19.1.20,150,Eurasian Curlew,23,7,3,,,,,
19.1.20,150,Eurasian Curlew,34,9,3,,,,,
19.1.20,150,Eurasian Curlew,37,6,3,,,,,
19.1.20,150,Eurasian Curlew,34,3,3,,,,,
20.1.20,117,Pied Avocet,42,7,3,,,,,
20.1.20,117,Curlew Sandpiper,63,17,3,,,,,
20.1.20,117,Pied Avocet,35,5,3,,,,,
20.1.20,117,Black-tailed Godwit,32,11,3,,,,,
20.1.20,117,Black-tailed Godwit,35,7,3,,,,,
20.1.20,117,Pied Avocet,39,8,3,,,,,
20.1.20,117,Common Redshank,55,9,3,,,,,
20.1.20,117,Black-tailed Godwit,31,7,3,,,,,
20.1.20,117,Grey Plover,25,4,3,,,,,
20.1.20,117,Black-tailed Godwit,31,9,3,,,,,
20.1.20,117,Little/Red-necked Stint,28,13,3,,,,,
20.1.20,117,Pied Avocet,34,7,3,,,,,
20.1.20,117,Curlew Sandpiper,37,11,3,,,,,
20.1.20,117,Curlew Sandpiper,33,9,3,,,,,
20.1.20,117,Pied Avocet,49,13,3,,,,,
20.1.20,117,Lesser/Greater Sand-Plover,11,4,1,,,,,
20.1.20,117,Common Greenshank,31,13,3,,,,,
20.1.20,117,Pied Avocet,51,16,3,,,,,
20.1.20,117,Common Redshank,36,6,3,,,,,
20.1.20,117,Pied Avocet,19,4,2,,,,,
20.1.20,117,Black-tailed Godwit,32,6,3,,,,,
20.1.20,117,Little/Red-necked Stint,35,13,3,,,,,
20.1.20,117,Lesser/Greater Sand-Plover,38,4,3,,,,,
20.1.20,117,Grey Plover,6,4,3,,,,,
20.1.20,117,Black-tailed Godwit,26,7,3,,,,,
20.1.20,117,Curlew Sandpiper,49,11,3,,,,,
20.1.20,117,Curlew Sandpiper,39,7,3,,,,,
20.1.20,117,Pied Avocet,42,12,3,,,,,
20.1.20,117,Pied Avocet,41,5,3,,,,,
20.1.20,117,Little/Red-necked Stint,49,17,3,,,,,
20.1.20,117,Black-tailed Godwit,43,14,3,,,,,
20.1.20,117,Common Redshank,44,16,3,,,,,
20.1.20,117,Curlew Sandpiper,51,16,3,,,,,
20.1.20,117,Black-headed Ibis,27,6,3,,,,,
20.1.20,117,Common Redshank,48,13,3,,,,,
20.1.20,117,Eurasian Curlew,20,2,3,,,,,
20.1.20,117,Common Greenshank,34,7,3,,,,,
28.1.20,7,Common Redshank,37,4,3,,,,,
28.1.20,7,Common Redshank,42,7,3,,,,,
28.1.20,7,Common Redshank,34,5,3,,,,,
28.1.20,7,Common Redshank,27,3,3,,,,,
28.1.20,7,Common Redshank,28,4,3,,,,,
28.1.20,7,Common Redshank,29,5,3,,,,,
28.1.20,7,Common Redshank,40,8,3,,,,,
28.1.20,7,Common Redshank,38,6,3,,,,,
28.1.20,7,Common Redshank,36,4,3,,,,,
28.1.20,7,Common Redshank,31,3,3,,,,,
28.1.20,7,Common Redshank,26,4,3,,,,,
28.1.20,7,Common Redshank,38,8,3,,,,,
28.1.20,7,Black-tailed Godwit,18,8,3,,,,,
28.1.20,7,Black-tailed Godwit,21,6,3,,,,,
28.1.20,7,Black-tailed Godwit,19,4,3,,,,,
28.1.20,7,Black-tailed Godwit,17,5,3,,,,,
28.1.20,7,Black-tailed Godwit,18,6,3,,,,,
28.1.20,7,Black-tailed Godwit,10,4,1,,,,,
28.1.20,7,Black-tailed Godwit,18,5,3,,,,,
28.1.20,7,Black-tailed Godwit,20,5,3,,,,,
28.1.20,7,Black-tailed Godwit,13,3,3,,,,,
28.1.20,7,Black-tailed Godwit,11,6,3,,,,,
28.1.20,7,Black-tailed Godwit,17,5,3,,,,,
28.1.20,7,Black-tailed Godwit,19,7,3,,,,,
28.1.20,7,Black-tailed Godwit,48,4,3,,,,,
28.1.20,7,Black-tailed Godwit,30,2,3,,,,,
28.1.20,7,Common Redshank,19,4,3,,,,,
28.1.20,7,Common Redshank,25,4,3,,,,,
28.1.20,7,Common Redshank,21,3,3,,,,,
28.1.20,7,Common Redshank,25,5,3,,,,,
28.1.20,7,Common Redshank,50,11,3,,,,,
28.1.20,7,Common Redshank,42,7,3,,,,,
28.1.20,7,Common Redshank,36,6,3,,,,,
28.1.20,7,Common Redshank,33,6,3,,,,,
28.1.20,7,Common Redshank,26,4,3,,,,,
28.1.20,7,Common Redshank,27,4,3,,,,,
29.1.20,23,Whimbrel,15,4,3,,,,,
29.1.20,23,Eurasian Curlew,13,2,2,,,,,
29.1.20,23,Eurasian Curlew,10,1,2,,,,,
29.1.20,23,Eurasian Curlew,30,4,3,,,,,
29.1.20,23,Eurasian Curlew,29,2,3,,,,,
29.1.20,23,Eurasian Curlew,15,1,3,,,,,
29.1.20,23,Eurasian Curlew,21,3,3,,,,,
29.1.20,23,Eurasian Curlew,5,4,2,,,,,
29.1.20,23,Eurasian Curlew,8,6,2,,,,,
29.1.20,23,Eurasian Curlew,7,3,2,,,,,
29.1.20,23,Common Redshank,23,7,2,,,,,
29.1.20,23,Common Redshank,22,9,2,,,,,
29.1.20,23,Common Redshank,24,6,3,,,,,
29.1.20,23,Common Redshank,26,9,2,,,,,
29.1.20,23,Common Redshank,16,4,1,,,,,
29.1.20,23,Common Redshank,19,3,2,,,,,
29.1.20,23,Common Greenshank,2,1,1,,,,,
29.1.20,23,Common Redshank,29,9,3,,,,,
29.1.20,23,Grey Plover,17,6,3,6,,,,
29.1.20,23,Grey Plover,11,4,3,4,,,,
29.1.20,23,Common Redshank,36,7,3,,,,,
29.1.20,23,Common Redshank,32,6,3,,,,,
29.1.20,23,Whimbrel,13,3,2,,,,,
29.1.20,23,Eurasian Curlew,14,2,2,,,,,
29.1.20,23,Eurasian Curlew,21,6,3,,,,,
29.1.20,23,Eurasian Curlew,24,4,3,,,,,
29.1.20,23,Whimbrel,16,9,3,,,,,
29.1.20,23,Whimbrel,11,4,2,,,,,
29.1.20,23,Common Redshank,18,3,2,,,,,
29.1.20,23,Common Redshank,26,6,2,,,,,
29.1.20,23,Eurasian Curlew,17,11,3,,,,,
29.1.20,23,Lesser/Greater Sand-Plover,11,4,3,,,,,one leg was missing
29.1.20,23,Lesser/Greater Sand-Plover,8,2,2,,,,,
29.1.20,23,Eurasian Curlew,18,8,3,,,,,
29.1.20,23,Common Redshank,27,6,2,,,,,
29.1.20,23,Whimbrel,25,9,3,,,,,
30.1.20,158,Dunlin,65,17,3,13,2,,,
30.1.20,158,Dunlin,50,14,3,,,,,
30.1.20,158,Curlew Sandpiper,43,11,3,,,,,
30.1.20,158,Broad-billed Sandpiper,15,3,1,,,,,
30.1.20,158,Bar-tailed Godwit,35,9,2,,,,,
30.1.20,158,Bar-tailed Godwit,33,14,2,,,,,
30.1.20,158,Broad-billed Sandpiper,43,11,3,,,,,
30.1.20,158,Dunlin,29,7,2,,,,,
30.1.20,158,Curlew Sandpiper,35,11,3,,,,,
30.1.20,158,Bar-tailed Godwit,20,4,2,,,,,
30.1.20,158,Pied Avocet,28,11,2,,,,,
30.1.20,158,Dunlin,44,14,3,,,,,
30.1.20,158,Dunlin,36,7,2,,,,,
30.1.20,158,Broad-billed Sandpiper,32,9,3,,,,,
30.1.20,158,Broad-billed Sandpiper,27,4,2,,,,,
30.1.20,158,Curlew Sandpiper,39,11,3,,,,,
30.1.20,158,Curlew Sandpiper,36,6,3,,,,,
30.1.20,158,Dunlin,39,4,3,,,,,
30.1.20,158,Curlew Sandpiper,37,5,2,,,,,
30.1.20,158,Common Greenshank,14,3,1,,,,,
30.1.20,158,Curlew Sandpiper,29,6,2,,,,,
30.1.20,158,Black-headed Ibis,16,6,3,,,,,
30.1.20,158,Bar-tailed Godwit,21,4,2,,,,,
30.1.20,158,Curlew Sandpiper,41,11,3,,,,,
30.1.20,158,Black-tailed Godwit,43,13,3,,,,,
30.1.20,158,Bar-tailed Godwit,25,7,2,,,,,
30.1.20,158,Grey Plover,13,3,2,,,,,
30.1.20,158,Curlew Sandpiper,26,6,2,,,,,
30.1.20,158,Curlew Sandpiper,36,6,2,,,,,
30.1.20,158,Curlew Sandpiper,23,4,2,,,,,
30.1.20,158,Bar-tailed Godwit,41,9,3,,,,,
30.1.20,158,Broad-billed Sandpiper,22,7,2,,,,,
30.1.20,158,Pied Avocet,31,7,3,,,,,
30.1.20,158,Asian Dowitcher,37,7,2,,,,,
30.1.20,158,Asian Dowitcher,30,5,2,,,,,
30.1.20,158,Asian Dowitcher,34,6,2,,,,,
31.1.20,30,Great Knot,64,14,3,4,,,7,
31.1.20,30,Great Knot,48,12,3,,,,12,
31.1.20,30,Great Knot,52,16,3,6,,,10,
31.1.20,30,Great Knot,53,18,3,,,,,
31.1.20,30,Great Knot,68,20,3,,,,,
31.1.20,30,Great Knot,53,13,3,,,,,
31.1.20,30,Great Knot,44,11,3,3,,,8,
31.1.20,30,Great Knot,57,14,3,,,,,
31.1.20,30,Great Knot,47,17,3,,,,,
31.1.20,30,Great Knot,66,21,3,,,,,
31.1.20,30,Black-tailed Godwit,29,9,3,,,,,
31.1.20,30,Black-tailed Godwit,34,11,3,,,,,
31.1.20,30,Common Greenshank,32,12,3,,,,,
31.1.20,30,Broad-billed Sandpiper,37,17,3,,,,,
31.1.20,30,Pied Avocet,33,5,3,,,,,
31.1.20,30,Black-tailed Godwit,39,7,3,,,,,
31.1.20,30,Great Knot,17,3,2,,,,3,
31.1.20,30,Black-tailed Godwit,30,7,2,,,,,
31.1.20,30,Black-headed Ibis,42,11,3,,,,,
31.1.20,30,Pied Avocet,46,14,3,,,,,
31.1.20,30,Pied Avocet,33,9,3,,,,,
31.1.20,30,Black-tailed Godwit,28,9,3,,,,,
31.1.20,30,Black-tailed Godwit,33,12,3,,,,,
31.1.20,30,Black-tailed Godwit,34,13,3,,,,,
31.1.20,30,Pied Avocet,14,4,2,,,,,
31.1.20,30,Black-tailed Godwit,19,5,2,,,,,
31.1.20,30,Pied Avocet,29,7,3,,,,,
31.1.20,30,Curlew Sandpiper,41,13,3,,,,,
31.1.20,30,Curlew Sandpiper,14,4,3,,,,,
31.1.20,30,Black-tailed Godwit,36,12,3,,,,,
31.1.20,30,Grey Plover,26,8,3,,,,,
31.1.20,30,Curlew Sandpiper,47,11,3,,,,,
31.1.20,30,Curlew Sandpiper,37,6,3,,,,,
31.1.20,30,Common Redshank,51,13,3,,,,,
31.1.20,30,Black-tailed Godwit,34,9,3,,,,,
31.1.20,30,Black-headed Ibis,34,7,3,,,,,
31.1.20,30,Black-headed Ibis,29,5,3,,,,,
1.2.20,124,Black-headed Ibis,19,4,2,,,,,
1.2.20,124,Pied Avocet,25,6,2,,,,,
1.2.20,124,Pied Avocet,19,3,2,,,,,
1.2.20,124,Black-headed Ibis,20,6,2,,,,,
1.2.20,124,Black-headed Ibis,23,8,2,,,,,
1.2.20,124,Pied Avocet,23,9,2,,,,,
1.2.20,124,Black-headed Ibis,11,4,2,,,,,
1.2.20,124,Black-headed Ibis,18,5,2,,,,,
1.2.20,124,Common Redshank,15,4,2,,,,,
1.2.20,124,Eurasian Curlew,18,3,2,,,,,
1.2.20,124,Common Redshank,29,6,2,,,,,
1.2.20,124,Black-headed Ibis,32,3,2,,,,,
1.2.20,124,Black-headed Ibis,20,4,2,,,,,
1.2.20,124,Black-headed Ibis,19,2,2,,,,,
1.2.20,124,Common Redshank,10,1,2,,,,,
1.2.20,124,Common Redshank,19,2,2,,,,,
1.2.20,124,Black-headed Ibis,23,4,2,,,,,
1.2.20,124,Black-headed Ibis,19,3,2,,,,,
1.2.20,124,Black-headed Ibis,26,5,2,,,,,
1.2.20,124,Black-headed Ibis,17,3,2,,,,,
1.2.20,124,Black-headed Ibis,16,1,2,,,,,
1.2.20,124,Black-headed Ibis,24,4,2,,,,,
1.2.20,124,Black-headed Ibis,19,6,2,,,,,
1.2.20,124,Eurasian Curlew,14,4,2,,,,,
1.2.20,124,Eurasian Curlew,11,3,2,,,,,
2.2.20,122,Spoon-billed Sandpiper,29,7,3,,,,,
2.2.20,122,Spoon-billed Sandpiper,22,4,3,,,,,
2.2.20,122,Broad-billed Sandpiper,32,9,3,,,,,
2.2.20,122,Lesser/Greater Sand-Plover,28,7,3,,,,,
2.2.20,122,Lesser/Greater Sand-Plover,31,5,3,,,,,
2.2.20,122,Curlew Sandpiper,36,9,3,,,,,
2.2.20,122,Little/Red-necked Stint,37,7,3,,,,,
2.2.20,122,Curlew Sandpiper,39,11,3,,,,,
2.2.20,122,Sanderling,29,9,3,,,,,
2.2.20,122,Broad-billed Sandpiper,15,5,2,,,,,
2.2.20,122,Sanderling,19,5,3,,,,,
2.2.20,122,Ruddy Turnstone,24,6,3,,,,,
2.2.20,122,Ruddy Turnstone,21,5,3,,,,,
2.2.20,122,Ruddy Turnstone,23,8,3,,,,,
2.2.20,122,Little/Red-necked Stint,57,14,3,,,,,
2.2.20,122,Little/Red-necked Stint,32,9,3,,,,,
2.2.20,122,Curlew Sandpiper,51,13,3,,,,,
2.2.20,122,Little/Red-necked Stint,31,9,2,,,,,
2.2.20,122,Common Redshank,37,7,3,,,,,
2.2.20,122,Little/Red-necked Stint,29,6,3,,,,,
2.2.20,122,Curlew Sandpiper,49,14,3,,,,,
2.2.20,122,Terek Sandpiper,38,15,3,,,,,
2.2.20,122,Terek Sandpiper,31,13,3,,,,,
2.2.20,122,Little/Red-necked Stint,49,9,3,,,,,
2.2.20,122,Broad-billed Sandpiper,51,12,3,,,,,
2.2.20,122,Little/Red-necked Stint,49,13,3,,,,,
2.2.20,122,Little/Red-necked Stint,53,16,3,,,,,
2.2.20,122,Little/Red-necked Stint,57,14,3,,,,,
2.2.20,122,Little/Red-necked Stint,51,16,3,,,,,
2.2.20,122,Eurasian Curlew,32,7,3,,,,,
2.2.20,122,Common Redshank,43,11,3,,,,,
2.2.20,122,Common Redshank,31,7,3,,,,,
2.2.20,122,Little/Red-necked Stint,27,9,3,,,,,
2.2.20,122,Little/Red-necked Stint,15,3,3,,,,,
2.2.20,122,Little/Red-necked Stint,21,4,3,,,,,
2.2.20,122,Little/Red-necked Stint,33,11,3,,,,,
3.2.20,121,Common Redshank,38,3,3,,,,,
3.2.20,121,Common Redshank,30,2,3,,,,,
3.2.20,121,Little/Red-necked Stint,47,11,3,,,,,
3.2.20,121,Little/Red-necked Stint,67,21,3,,,,,
3.2.20,121,Little/Red-necked Stint,22,4,2,,,,,
3.2.20,121,Common Redshank,35,7,3,,,,,
3.2.20,121,Curlew Sandpiper,42,11,3,,,,,
3.2.20,121,Curlew Sandpiper,42,8,3,,,,,
3.2.20,121,Broad-billed Sandpiper,31,6,3,,,,,
3.2.20,121,Common Redshank,28,6,3,,,,,
3.2.20,121,Common Redshank,28,4,3,,,,,
3.2.20,121,Common Redshank,32,7,3,,,,,
3.2.20,121,Dunlin,51,13,3,,,,,
3.2.20,121,Curlew Sandpiper,43,6,3,,,,,
3.2.20,121,Curlew Sandpiper,36,5,3,,,,,
3.2.20,121,Curlew Sandpiper,29,7,3,,,,,
3.2.20,121,Little/Red-necked Stint,42,8,3,,,,,
3.2.20,121,Common Redshank,40,4,3,,,,,
3.2.20,121,Nordmann's Greenshank/,40,6,3,,,,,
3.2.20,121,Common Redshank,48,7,3,,,,,
3.2.20,121,Common Redshank,44,13,3,,,,,
3.2.20,121,Common Redshank,42,13,3,,,,,
3.2.20,121,Common Greenshank,10,2,3,,,,,
3.2.20,121,Common Redshank,47,4,3,,,,,
3.2.20,121,Little/Red-necked Stint,56,14,3,,,,,
4.2.20,119,Black-tailed Godwit,20,3,1,,,,,
4.2.20,119,Common Redshank,39,9,3,,,,,
4.2.20,119,Common Greenshank,21,6,3,,,,,
4.2.20,119,Common Redshank,42,13,3,,,,,
4.2.20,119,Common Redshank,30,7,3,,,,,
4.2.20,119,Lesser/Greater Sand-Plover,30,10,3,,,,,
4.2.20,119,Black-tailed Godwit,53,7,3,,,,,
4.2.20,119,Black-tailed Godwit,39,5,3,,,,,
4.2.20,119,Black-tailed Godwit,36,5,2,,,,,
4.2.20,119,Common Redshank,41,11,3,,,,,
4.2.20,119,Common Redshank,24,4,3,,,,,
4.2.20,119,Common Redshank,35,7,3,,,,,
4.2.20,119,Common Greenshank,6,0,3,,,,,
4.2.20,119,Common Redshank,59,9,3,,,,,
4.2.20,119,Common Redshank,42,11,3,,,,,
4.2.20,119,Common Redshank,52,13,3,,,,,
4.2.20,119,Common Redshank,7,2,1,,,,,
4.2.20,119,Lesser/Greater Sand-Plover,14,10,3,,,,,
4.2.20,119,Lesser/Greater Sand-Plover,32,12,3,,,,,
4.2.20,119,Common Redshank,49,7,3,,,,,
4.2.20,119,Common Redshank,47,5,3,,,,,
4.2.20,119,Common Redshank,51,8,3,,,,,
4.2.20,119,Common Redshank,46,9,3,,,,,
4.2.20,119,Common Redshank,37,6,3,,,,,
4.2.20,119,Common Redshank,31,7,3,,,,,
4.2.20,119,Common Redshank,34,17,3,,,,,
4.2.20,119,Common Redshank,47,11,3,,,,,
4.2.20,119,Common Redshank,53,13,3,,,,,
4.2.20,119,Little/Red-necked Stint,41,9,3,,,,,
4.2.20,119,Curlew Sandpiper,41,11,3,,,,,
4.2.20,119,Broad-billed Sandpiper,18,4,2,,,,,
4.2.20,119,Broad-billed Sandpiper,23,7,3,,,,,
4.2.20,119,Broad-billed Sandpiper,17,5,3,,,,,
4.2.20,119,Little/Red-necked Stint,26,7,3,,,,,
4.2.20,119,Little/Red-necked Stint,30,8,3,,,,,
4.2.20,119,Little/Red-necked Stint,31,9,3,,,,,
5.2.20,118,Pied Avocet,69,14,3,,,,,
5.2.20,118,Pied Avocet,53,9,3,,,,,
5.2.20,118,Broad-billed Sandpiper,11,2,1,,,,,
5.2.20,118,Black-headed Ibis,34,4,3,,,,,
5.2.20,118,Curlew Sandpiper,9,2,1,,,,,
5.2.20,118,Curlew Sandpiper,28,9,2,,,,,
5.2.20,118,Broad-billed Sandpiper,51,14,3,,,,,
5.2.20,118,Broad-billed Sandpiper,48,11,3,,,,,
5.2.20,118,Common Redshank,55,9,3,,,,,
5.2.20,118,Pied Avocet,9,2,1,,,,,
5.2.20,118,Common Redshank,40,6,3,,,,,
5.2.20,118,Common Greenshank,33,5,3,,,,,
5.2.20,118,Common Greenshank,28,3,3,,,,,
5.2.20,118,Common Redshank,28,5,3,,,,,
5.2.20,118,Black-tailed Godwit,18,6,3,,,,,
5.2.20,118,Black-tailed Godwit,13,4,3,,,,,
5.2.20,118,Black-tailed Godwit,24,8,3,,,,,
5.2.20,118,Little Ringed Plover,36,5,3,,,,,
5.2.20,118,Black-headed Ibis,38,7,3,,,,,
5.2.20,118,Black-headed Ibis,42,6,3,,,,,
5.2.20,118,Common Redshank,47,9,3,,,,,
5.2.20,118,Little/Red-necked Stint,42,7,2,,,,,
5.2.20,118,Black-tailed Godwit,41,9,3,,,,,
5.2.20,118,Curlew Sandpiper,51,11,3,,,,,
5.2.20,118,Curlew Sandpiper,39,12,3,,,,,
5.2.20,118,Common Redshank,23,4,3,,,,,
5.2.20,118,Black-tailed Godwit,23,7,3,,,,,
5.2.20,118,Little/Red-necked Stint,48,9,3,,,,,
5.2.20,118,Temminck's Stint,40,6,3,,,,,
5.2.20,118,Temminck's Stint,35,6,3,,,,,
5.2.20,118,Black-tailed Godwit,34,7,3,,,,,
5.2.20,118,Black-tailed Godwit,40,9,3,,,,,
5.2.20,118,Black-headed Ibis,24,4,3,,,,,
5.2.20,118,Common Greenshank,13,3,1,,,,,
5.2.20,118,Black-tailed Godwit,26,6,3,,,,,
5.2.20,118,Pied Avocet,39,7,3,,,,,
5.2.20,118,Pied Avocet,45,10,3,,,,,
11.2.20,12,Eurasian Curlew,28,4,3,,,,,
11.2.20,12,Eurasian Curlew,25,3,2,,,,,
11.2.20,12,Eurasian Curlew,18,2,2,,,,,
11.2.20,12,Eurasian Curlew,29,1,2,,,,,
11.2.20,12,Eurasian Curlew,20,2,2,,,,,
11.2.20,12,Black-headed Ibis,21,2,2,,,,,
11.2.20,12,Black-headed Ibis,26,1,2,,,,,
11.2.20,12,Black-headed Ibis,23,2,2,,,,,
11.2.20,12,Black-headed Ibis,23,1,2,,,,,
11.2.20,12,Black-headed Ibis,20,0,2,,,,,
11.2.20,12,Black-headed Ibis,26,2,2,,,,,
11.2.20,12,Pacific Golden-Plover,14,5,2,,,,,
11.2.20,12,Pacific Golden-Plover,20,8,2,,,,,
11.2.20,12,Pacific Golden-Plover,19,9,2,,,,,
11.2.20,12,Pacific Golden-Plover,18,10,2,,,,,
11.2.20,12,Pacific Golden-Plover,17,7,2,,,,,
11.2.20,12,Eurasian Curlew,29,6,2,,,,,
11.2.20,12,Eurasian Curlew,28,7,2,,,,,
11.2.20,12,Common Redshank,31,6,2,,,,,
11.2.20,12,Pacific Golden-Plover,21,9,2,,,,,
11.2.20,12,Pacific Golden-Plover,20,8,2,,,,,
11.2.20,12,Pacific Golden-Plover,18,6,2,,,,,
11.2.20,12,Eurasian Curlew,16,5,2,,,,,
11.2.20,12,Eurasian Curlew,17,4,2,,,,,
11.2.20,12,Eurasian Curlew,26,3,2,,,,,
11.2.20,12,Eurasian Curlew,22,1,2,,,,,
11.2.20,12,Eurasian Curlew,20,3,2,,,,,
11.2.20,12,Eurasian Curlew,22,3,2,,,,,
11.2.20,12,Eurasian Curlew,21,0,2,,,,,
11.2.20,12,Eurasian Curlew,33,1,2,,,,,
11.2.20,12,Black-headed Ibis,39,2,2,,,,,
11.2.20,12,Black-headed Ibis,42,4,2,,,,,
11.2.20,12,Black-headed Ibis,24,2,2,,,,,
11.2.20,12,Lesser/Greater Sand-Plover,38,5,2,,,,,
11.2.20,12,Lesser/Greater Sand-Plover,34,2,2,,,,,
11.2.20,12,Black-headed Ibis,23,2,2,,,,,
12.2.20,14,Eurasian Curlew,22,3,3,,,,,
12.2.20,14,Eurasian Curlew,27,2,3,,,,,
12.2.20,14,Eurasian Curlew,28,1,3,,,,,
12.2.20,14,Eurasian Curlew,23,2,3,,,,,
12.2.20,14,Eurasian Curlew,20,1,3,,,,,
12.2.20,14,Eurasian Curlew,13,1,3,,,,,
12.2.20,14,Common Redshank,44,6,3,,,,,
12.2.20,14,Common Redshank,41,9,3,,,,,
12.2.20,14,Eurasian Curlew,21,0,3,,,,,
12.2.20,14,Eurasian Curlew,16,5,3,,,,,
12.2.20,14,Eurasian Curlew,18,3,3,,,,,
12.2.20,14,Eurasian Curlew,18,2,3,,,,,
12.2.20,14,Common Redshank,35,6,3,,,,,
12.2.20,14,Kentish Plover,22,5,3,,,,,
12.2.20,14,Kentish Plover,22,1,3,,,,,
12.2.20,14,Kentish Plover,29,4,3,,,,,
12.2.20,14,Kentish Plover,24,6,3,,,,,
12.2.20,14,Kentish Plover,21,4,3,,,,,
12.2.20,14,Kentish Plover,23,7,3,,,,,
12.2.20,14,Kentish Plover,19,2,2,,,,,
12.2.20,14,Lesser/Greater Sand-Plover,7,2,1,,,,,
12.2.20,14,Lesser/Greater Sand-Plover,28,4,3,,,,,
12.2.20,14,Kentish Plover,18,3,2,,,,,
12.2.20,14,Eurasian Curlew,23,3,2,,,,,
12.2.20,14,Kentish Plover,31,3,3,,,,,
12.2.20,14,Kentish Plover,29,4,3,,,,,
12.2.20,14,Kentish Plover,25,2,3,,,,,
12.2.20,14,Kentish Plover,28,3,3,,,,,
12.2.20,14,Kentish Plover,29,4,3,,,,,
12.2.20,14,Kentish Plover,27,5,3,,,,,
12.2.20,14,Common Redshank,44,7,3,,,,,
12.2.20,14,Common Redshank,24,3,3,,,,,
12.2.20,14,Common Redshank,29,5,3,,,,,
12.2.20,14,Common Redshank,24,7,3,,,,,
12.2.20,14,Grey Plover,22,6,3,6,,,,
12.2.20,14,Grey Plover,14,2,3,,2,,,
13.2.20,156,Great Knot,34,14,3,11,3,,,
13.2.20,156,Great Knot,67,12,3,,,,,
13.2.20,156,Great Knot,60,8,3,,,,8,
13.2.20,156,Great Knot,47,11,3,4,3,,4,
13.2.20,156,Great Knot,53,9,3,,,,,
13.2.20,156,Great Knot,18,2,1,,,,2,
13.2.20,156,Great Knot,48,13,3,,,,,
13.2.20,156,Bar-tailed Godwit,56,11,3,,,,,
13.2.20,156,Bar-tailed Godwit,37,6,3,,,,,
13.2.20,156,Bar-tailed Godwit,49,4,3,,,,,
13.2.20,156,Bar-tailed Godwit,35,7,3,,,,,
13.2.20,156,Bar-tailed Godwit,38,4,3,,,,,
13.2.20,156,Bar-tailed Godwit,44,12,3,,,,,
13.2.20,156,Broad-billed Sandpiper,31,4,3,,,,,
13.2.20,156,Broad-billed Sandpiper,39,12,3,,,,,
13.2.20,156,Broad-billed Sandpiper,23,2,2,,,,,
13.2.20,156,Broad-billed Sandpiper,36,4,3,,,,,
13.2.20,156,Sanderling,18,4,2,,,,,
13.2.20,156,Sanderling,19,5,2,,,,,
13.2.20,156,Sanderling,32,12,3,,,,,
13.2.20,156,Sanderling,18,3,2,,,,,
13.2.20,156,Sanderling,33,8,3,,,,,
13.2.20,156,Sanderling,38,9,3,,,,,
13.2.20,156,Little/Red-necked Stint,39,8,3,,,,,
13.2.20,156,Bar-tailed Godwit,42,13,3,,,,,
13.2.20,156,Little/Red-necked Stint,47,7,3,,,,,
13.2.20,156,Little/Red-necked Stint,33,8,3,,,,,
13.2.20,156,Little/Red-necked Stint,16,2,2,,,,,
13.2.20,156,Sanderling,31,9,3,,,,,
13.2.20,156,Sanderling,38,14,3,6,4,,4,
13.2.20,156,Sanderling,29,5,3,3,2,,,
13.2.20,156,Great Knot,52,17,3,,,,,
13.2.20,156,Great Knot,48,16,3,,,,,
13.2.20,156,Great Knot,58,11,3,,,,,
13.2.20,156,Great Knot,53,12,2,,,,,
13.2.20,156,Great Knot,49,7,2,,,,,
14.2.20,18,Common Redshank,35,3,3,,,,,
14.2.20,18,Common Redshank,27,4,3,,,,,
14.2.20,18,Black-tailed Godwit,39,4,3,,,,,
14.2.20,18,Black-tailed Godwit,28,7,3,,,,,
14.2.20,18,Black-tailed Godwit,27,2,3,,,,,
14.2.20,18,Black-tailed Godwit,22,3,3,,,,,
14.2.20,18,Black-tailed Godwit,19,6,3,,,,,
14.2.20,18,Common Redshank,29,7,3,,,,,
14.2.20,18,Common Redshank,36,10,3,,,,,
14.2.20,18,Black-tailed Godwit,31,2,3,,,,,
14.2.20,18,Common Redshank,29,6,3,,,,,
14.2.20,18,Kentish Plover,22,3,3,,,,,
14.2.20,18,Kentish Plover,14,7,3,,,,,
14.2.20,18,Kentish Plover,7,2,3,,,,,
14.2.20,18,Kentish Plover,2,2,3,,,,,
14.2.20,18,Kentish Plover,19,8,3,,,,,
14.2.20,18,Kentish Plover,20,11,3,,,,,
14.2.20,18,Black-tailed Godwit,28,9,3,,,,,
14.2.20,18,Black-tailed Godwit,27,13,3,,,,,
14.2.20,18,Black-tailed Godwit,31,14,3,,,,,
14.2.20,18,Black-tailed Godwit,29,9,3,,,,,
14.2.20,18,Black-tailed Godwit,28,10,3,,,,,
14.2.20,18,Black-tailed Godwit,29,8,3,,,,,
14.2.20,18,Black-tailed Godwit,32,13,3,,,,,
14.2.20,18,Black-tailed Godwit,26,5,3,,,,,
14.2.20,18,Common Greenshank,37,7,3,,,,,
14.2.20,18,Common Greenshank,33,6,3,,,,,
14.2.20,18,Common Greenshank,17,3,2,,,,,
14.2.20,18,Common Greenshank,17,4,3,,,,,
14.2.20,18,Common Greenshank,13,1,3,,,,,
14.2.20,18,Whimbrel,18,7,2,,,,,
14.2.20,18,Whimbrel,9,4,2,,,,,
14.2.20,18,Common Greenshank,13,5,3,,,,,
14.2.20,18,Black-headed Ibis,17,3,3,,,,,
14.2.20,18,Black-headed Ibis,19,4,3,,,,,
14.2.20,18,Black-headed Ibis,20,6,3,,,,,
14.2.20,18,Whimbrel,22,15,3,,,,,
15.2.20,152,Common Redshank,21,3,2,,,,,
15.2.20,152,Common Redshank,24,2,2,,,,,
15.2.20,152,Common Redshank,14,3,2,,,,,
15.2.20,152,Common Redshank,22,3,2,,,,,
15.2.20,152,Common Redshank,30,5,2,,,,,
15.2.20,152,Common Redshank,12,2,2,,,,,
15.2.20,152,Black-tailed Godwit,23,8,2,,,,,
15.2.20,152,Lesser/Greater Sand-Plover,19,2,2,,,,,
15.2.20,152,Common Redshank,26,7,2,,,,,
15.2.20,152,Great Knot,31,6,2,,,,6,
15.2.20,152,Common Redshank,22,3,2,,,,,
15.2.20,152,Bar-tailed Godwit,26,9,2,,,,,
15.2.20,152,Black-tailed Godwit,29,11,2,,,,,
15.2.20,152,Lesser/Greater Sand-Plover,19,2,2,,,,,
15.2.20,152,Black-tailed Godwit,31,10,2,,,,,
15.2.20,152,Lesser/Greater Sand-Plover,15,6,2,,,,,
15.2.20,152,Common Greenshank,19,3,2,,,,,
15.2.20,152,Common Redshank,20,6,2,,,,,
15.2.20,152,Black-tailed Godwit,27,7,2,,,,,
15.2.20,152,Black-headed Ibis,19,6,2,,,,,
15.2.20,152,Black-headed Ibis,13,3,2,,,,,
15.2.20,152,Great Knot,29,5,2,,,,,
15.2.20,152,Common Redshank,14,2,2,,,,,
15.2.20,152,Common Greenshank,17,1,2,,,,,
15.2.20,152,Common Greenshank,18,2,2,,,,,
15.2.20,152,Lesser/Greater Sand-Plover,13,4,2,,,,,
15.2.20,152,Eurasian Curlew,13,3,2,,,,,
15.2.20,152,Black-tailed Godwit,21,5,2,,,,,
15.2.20,152,Lesser/Greater Sand-Plover,16,7,2,,,,,
15.2.20,152,Common Greenshank,19,3,2,,,,,
15.2.20,152,Common Greenshank,17,4,2,,,,,
15.2.20,152,Common Redshank,27,5,2,,,,,
15.2.20,152,Common Redshank,15,2,2,,,,,
15.2.20,152,Lesser/Greater Sand-Plover,17,4,2,,,,,
15.2.20,152,Lesser/Greater Sand-Plover,23,6,2,,,,,
15.2.20,152,Lesser/Greater Sand-Plover,19,5,2,,,,,
16.2.20,154,Broad-billed Sandpiper,25,7,3,,,,,
16.2.20,154,Great Knot,26,4,3,,,,,
16.2.20,154,Great Knot,46,9,3,,,,,
16.2.20,154,Great Knot,30,6,2,,,,,
16.2.20,154,Great Knot,33,7,3,,2,,5,
16.2.20,154,Great Knot,37,11,3,,,,,
16.2.20,154,Great Knot,61,13,3,,,,,
16.2.20,154,Great Knot,17,1,1,,,,1,
16.2.20,154,Great Knot,44,7,3,,2,,5,
16.2.20,154,Bar-tailed Godwit,16,3,1,,,,,
16.2.20,154,Great Knot,39,6,3,,,,6,
16.2.20,154,Great Knot,49,14,3,,,,,
16.2.20,154,Great Knot,54,6,3,,,,,
16.2.20,154,Broad-billed Sandpiper,42,14,3,14,,,,
16.2.20,154,Little/Red-necked Stint,44,13,3,,,,,
16.2.20,154,Black-headed Ibis,35,3,3,,,,,
16.2.20,154,Black-headed Ibis,25,3,3,,,,,
16.2.20,154,Common Greenshank,31,4,3,,,,,
16.2.20,154,Common Greenshank,21,2,3,,,,,
16.2.20,154,Common Greenshank,14,2,2,,,,,
16.2.20,154,Great Knot,29,4,3,,,,4,
16.2.20,154,Great Knot,77,13,3,3,,6,4,
16.2.20,154,Great Knot,45,6,2,,,,6,
16.2.20,154,Great Knot,63,17,3,,,,,
16.2.20,154,Pied Avocet,47,13,3,,,,,
16.2.20,154,Lesser/Greater Sand-Plover,19,11,3,,,,,
16.2.20,154,Temminck's Stint,52,12,3,11,1,,,
16.2.20,154,Temminck's Stint,47,9,3,4,5,,,
16.2.20,154,Great Knot,51,13,3,,,,,
16.2.20,154,Great Knot,39,9,3,,,,,
16.2.20,154,Great Knot,24,2,1,,,,,
16.2.20,154,Curlew Sandpiper,51,9,3,,,,,
16.2.20,154,Curlew Sandpiper,44,5,3,,,,,
16.2.20,154,Curlew Sandpiper,49,7,3,,,,,
16.2.20,154,Little/Red-necked Stint,40,11,3,,,,,
16.2.20,154,Little/Red-necked Stint,43,13,3,,,,,
17.2.20,163,Lesser/Greater Sand-Plover,28,7,2,,,,,
17.2.20,163,Common Greenshank,4,0,1,,,,,
17.2.20,163,Common Greenshank,27,2,3,,,,,
17.2.20,163,Common Greenshank,26,3,3,,,,,
17.2.20,163,Black-tailed Godwit,54,6,3,,,,,
17.2.20,163,Black-tailed Godwit,46,7,3,,,,,
18.2.20,151,Kentish Plover,28,4,3,,,,,
18.2.20,151,Kentish Plover,18,3,3,,,,,
18.2.20,151,Kentish Plover,18,5,3,,,,,
18.2.20,151,Lesser/Greater Sand-Plover,17,2,3,,,,,
18.2.20,151,Common Redshank,37,6,3,,,,,
18.2.20,151,Common Redshank,34,6,3,,,,,
18.2.20,151,Black-tailed Godwit,49,7,3,,,,,
18.2.20,151,Black-tailed Godwit,34,4,3,,,,,
18.2.20,151,Black-tailed Godwit,37,9,3,,,,,
18.2.20,151,Black-tailed Godwit,36,5,3,,,,,
18.2.20,151,Black-tailed Godwit,51,8,3,,,,,
18.2.20,151,Black-tailed Godwit,42,8,3,,,,,
18.2.20,151,Grey Plover,8,2,3,,,,,
18.2.20,151,Grey Plover,9,3,3,,,,,
18.2.20,151,Eurasian Curlew,33,8,3,,,,,
18.2.20,151,Great Knot,53,13,3,,,,,
18.2.20,151,Great Knot,57,16,3,,,,,
18.2.20,151,Great Knot,61,17,3,,,,,
18.2.20,151,Great Knot,65,19,3,,,,,
18.2.20,151,Great Knot,59,15,3,,,,,
18.2.20,151,Great Knot,47,9,2,,,,,
18.2.20,151,Black-tailed Godwit,39,9,3,,,,,
18.2.20,151,Black-tailed Godwit,52,11,3,,,,,
18.2.20,151,Grey Plover,4,1,3,,,,,
18.2.20,151,Grey Plover,3,0,2,,,,,
18.2.20,151,Grey Plover,11,4,3,,,,,
18.2.20,151,Grey Plover,7,2,3,,,,,
18.2.20,151,Grey Plover,4,1,3,,,,,
18.2.20,151,Black-tailed Godwit,47,7,3,,,,,
18.2.20,151,Black-tailed Godwit,51,10,3,,,,,
18.2.20,151,Black-tailed Godwit,46,4,3,,,,,
18.2.20,151,Black-tailed Godwit,42,7,3,,,,,
18.2.20,151,Grey Plover,42,7,3,,,,,
18.2.20,151,Eurasian Curlew,23,4,3,,,,,
18.2.20,151,Common Redshank,49,7,3,,,,,
18.2.20,151,Common Redshank,51,11,3,,,,,
19.2.20,4,Eurasian Curlew,23,8,3,,,,,
19.2.20,4,Eurasian Curlew,28,10,3,,,,,
19.2.20,4,Whimbrel,23,7,3,,,,,
19.2.20,4,Kentish Plover,16,8,3,,,,,
19.2.20,4,Whimbrel,4,2,1,,,,,
19.2.20,4,Eurasian Curlew,29,2,3,,,,,
19.2.20,4,Black-headed Ibis,12,0,1,,,,,
3.3.20,27,Black-tailed Godwit,32,6,3,,,,,
3.3.20,27,Black-tailed Godwit,29,5,3,,,,,
3.3.20,27,Black-tailed Godwit,48,13,3,,,,,
3.3.20,27,Black-tailed Godwit,20,3,3,,,,,
3.3.20,27,Kentish Plover,19,4,3,,,,,breeding plumage
3.3.20,27,Kentish Plover,16,6,3,,,,,breeding plumage
3.3.20,27,Kentish Plover,22,7,3,,,,,breeding plumage
3.3.20,27,Kentish Plover,18,4,3,,,,,
3.3.20,27,Eurasian Curlew,19,4,3,,,,,
3.3.20,27,Eurasian Curlew,27,8,3,,,,,
3.3.20,27,Kentish Plover,18,4,3,,,,,
3.3.20,27,Kentish Plover,13,5,3,,,,,
3.3.20,27,Eurasian Curlew,33,7,3,,,,,breeding plumage
3.3.20,27,Eurasian Curlew,23,5,3,,,,,breeding plumage
3.3.20,27,Common Greenshank,13,4,2,,,,,
3.3.20,27,Grey Plover,16,4,3,,,,,
3.3.20,27,Grey Plover,14,2,3,,,,,
3.3.20,27,Pacific Golden-Plover,12,3,3,,,,,
3.3.20,27,Pacific Golden-Plover,11,1,3,,,,,
3.3.20,27,Pacific Golden-Plover,6,1,3,,,,,
3.3.20,27,Pacific Golden-Plover,4,0,3,,,,,
3.3.20,27,Pacific Golden-Plover,9,2,3,,,,,
3.3.20,27,Grey Plover,11,4,3,,,,,
3.3.20,27,Grey Plover,5,2,3,,,,,
3.3.20,27,Pacific Golden-Plover,4,3,3,,,,,
3.3.20,27,Pacific Golden-Plover,5,2,3,,,,,
3.3.20,27,Common Greenshank,26,7,3,,,,,
3.3.20,27,Grey Plover,9,2,3,,,,,
3.3.20,27,Grey Plover,11,3,3,,,,,
3.3.20,27,Grey Plover,8,1,3,,,,,
3.3.20,27,Grey Plover,6,0,3,,,,,
3.3.20,27,Black-tailed Godwit,38,9,3,,,,,
3.3.20,27,Black-tailed Godwit,41,11,3,,,,,
3.3.20,27,Black-tailed Godwit,42,10,3,,,,,
3.3.20,27,Black-headed Ibis,27,4,3,,,,,
3.3.20,27,Black-headed Ibis,31,8,3,,,,,
3.3.20,27,Black-headed Ibis,8,3,3,,,,,
3.3.20,27,Black-headed Ibis,12,5,3,,,,,
4.3.20,9,Pied Avocet,31,9,3,,,,,
4.3.20,9,Pied Avocet,34,8,3,,,,,
4.3.20,9,Pied Avocet,35,11,3,,,,,
4.3.20,9,Pied Avocet,37,7,3,,,,,
4.3.20,9,Black-headed Ibis,20,4,3,,,,,
4.3.20,9,Black-headed Ibis,19,5,3,,,,,
4.3.20,9,Pied Avocet,43,16,3,,,,,
4.3.20,9,Pied Avocet,39,15,3,,,,,
4.3.20,9,Pied Avocet,39,14,3,,,,,
4.3.20,9,Pied Avocet,33,13,3,,,,,
4.3.20,9,Pied Avocet,42,17,3,,,,,
4.3.20,9,Black-headed Ibis,26,11,3,,,,,
4.3.20,9,Black-headed Ibis,23,9,3,,,,,
4.3.20,9,Pied Avocet,35,11,3,,,,,
4.3.20,9,Pied Avocet,42,8,3,,,,,
4.3.20,9,Pied Avocet,35,6,3,,,,,
4.3.20,9,Pied Avocet,42,7,3,,,,,
4.3.20,9,Black-headed Ibis,18,2,3,,,,,
4.3.20,9,Black-headed Ibis,19,1,3,,,,,
4.3.20,9,Black-headed Ibis,22,2,3,,,,,
4.3.20,9,Black-headed Ibis,11,1,1,,,,,
4.3.20,9,Black-headed Ibis,23,2,3,,,,,
4.3.20,9,Pied Avocet,38,7,3,,,,,
4.3.20,9,Pied Avocet,39,9,3,,,,,
4.3.20,9,Pied Avocet,41,13,3,,,,,
4.3.20,9,Pied Avocet,37,6,3,,,,,
4.3.20,9,Pied Avocet,24,5,3,,,,,
4.3.20,9,Pied Avocet,26,2,3,,,,,
4.3.20,9,Pied Avocet,31,4,3,,,,,
4.3.20,9,Pied Avocet,33,5,3,,,,,
4.3.20,9,Pied Avocet,36,5,3,,,,,
4.3.20,9,Pied Avocet,31,4,3,,,,,
4.3.20,9,Pied Avocet,22,3,3,,,,,
4.3.20,9,Black-headed Ibis,23,2,3,,,,,
4.3.20,9,Pied Avocet,33,6,3,,,,,
4.3.20,9,Pied Avocet,45,9,3,,,,,
10.3.20,5,Kentish Plover,2,2,2,,,,,
10.3.20,5,Kentish Plover,22,12,2,,,,,
10.3.20,5,Kentish Plover,5,1,2,,,,,
10.3.20,5,Pied Avocet,46,11,3,,,,,
10.3.20,5,Pied Avocet,71,27,3,,,,,
10.3.20,5,Pied Avocet,53,13,3,,,,,
10.3.20,5,Pied Avocet,69,13,3,,,,,
10.3.20,5,Pied Avocet,34,7,3,,,,,
10.3.20,5,Black-tailed Godwit,31,9,3,,,,,all godwits flew because of brahminy kite
10.3.20,5,Grey Plover,6,5,3,,,,,
10.3.20,5,Grey Plover,11,7,3,,,,,
10.3.20,5,Pied Avocet,39,11,3,,,,,
10.3.20,5,Pied Avocet,53,15,3,,,,,
10.3.20,5,Lesser/Greater Sand-Plover,14,3,3,,,,,
10.3.20,5,Lesser/Greater Sand-Plover,5,3,3,,,,,
10.3.20,5,Pied Avocet,40,11,3,,,,,
10.3.20,5,Pied Avocet,31,7,3,1,2,4,,
10.3.20,5,Kentish Plover,11,3,3,,,,,
10.3.20,5,Grey Plover,5,3,3,,,,,
10.3.20,5,Pied Avocet,31,13,3,,,,,
10.3.20,5,Pied Avocet,18,6,2,,,,,
10.3.20,5,Pied Avocet,12,5,2,,,,,
10.3.20,5,Pied Avocet,19,7,2,,,,,
10.3.20,5,Pied Avocet,11,4,2,,,,,
10.3.20,5,Pied Avocet,23,6,2,,,,,
10.3.20,5,Eurasian Curlew,17,5,2,,,,,
10.3.20,5,Pied Avocet,17,5,2,,,,,
10.3.20,5,Eurasian Curlew,14,3,2,,,,,
10.3.20,5,Eurasian Curlew,16,4,2,,,,,
10.3.20,5,Eurasian Curlew,10,2,2,,,,,
10.3.20,5,Eurasian Curlew,9,3,2,,,,,
10.3.20,5,Pied Avocet,18,7,2,,,,,
6.3.20,2,Common Redshank,43,5,3,,,,,
6.3.20,2,Common Redshank,38,6,3,,,,,
6.3.20,2,Common Redshank,34,3,3,,,,,
6.3.20,2,Common Redshank,37,7,3,,,,,
6.3.20,2,Black-headed Ibis,59,2,3,,,,,
6.3.20,2,Black-headed Ibis,58,4,3,,,,,
6.3.20,2,Little/Red-necked Stint,28,3,1,,,,,
6.3.20,2,Black-tailed Godwit,23,9,3,,,,,
6.3.20,2,Eurasian Curlew,55,7,3,,,,,
6.3.20,2,Eurasian Curlew,61,3,3,,,,,
6.3.20,2,Eurasian Curlew,50,6,3,,,,,
6.3.20,2,Black-tailed Godwit,49,12,3,,,,,
6.3.20,2,Black-tailed Godwit,37,9,3,,,,,
6.3.20,2,Lesser/Greater Sand-Plover,33,8,3,,,,,
6.3.20,2,Common Greenshank,20,4,3,,,,,
6.3.20,2,Little/Red-necked Stint,47,7,3,,,,,
6.3.20,2,Little/Red-necked Stint,49,6,3,,,,,
6.3.20,2,Black-tailed Godwit,29,12,3,,,,,
6.3.20,2,Black-tailed Godwit,28,8,3,,,,,
6.3.20,2,Lesser/Greater Sand-Plover,4,3,3,,,,,
6.3.20,2,Whimbrel,47,13,3,,,,,
6.3.20,2,Whimbrel,34,8,3,,,,,
6.3.20,2,Whimbrel,34,3,3,,,,,
6.3.20,2,Grey Plover,1,1,3,,,,,
6.3.20,2,Grey Plover,3,3,3,,,,,
6.3.20,2,Common Sandpiper,25,8,3,,,,,
6.3.20,2,Black-headed Ibis,26,2,3,,,,,
6.3.20,2,Whimbrel,34,5,3,,,,,
6.3.20,2,Grey Plover,2,2,3,,,,,
6.3.20,2,Grey Plover,3,3,3,,,,,
6.3.20,2,Black-headed Ibis,33,6,3,,,,,
6.3.20,2,Black-headed Ibis,29,5,3,,,,,
6.3.20,2,Black-headed Ibis,21,3,3,,,,,
6.3.20,2,Black-headed Ibis,34,7,3,,,,,
6.3.20,2,Grey Plover,3,3,3,,,,,
12.3.20,16,Common Redshank,58,7,3,,,,,
12.3.20,16,Common Redshank,36,9,3,,,,,
12.3.20,16,Common Redshank,46,16,3,,,,,
12.3.20,16,Common Redshank,31,9,3,,,,,
12.3.20,16,Common Redshank,25,7,2,,,,,
12.3.20,16,Common Redshank,24,10,3,,,,,
12.3.20,16,Great Knot,33,7,3,,,,,
12.3.20,16,Great Knot,23,5,3,,,,,
12.3.20,16,Great Knot,26,11,3,,,,,flew all of them because of brahminy
12.3.20,16,Common Redshank,39,9,3,,,,,
12.3.20,16,Lesser/Greater Sand-Plover,16,7,3,,,,,
12.3.20,16,Black-headed Ibis,22,2,3,,,,,
12.3.20,16,Black-headed Ibis,12,1,3,,,,,
12.3.20,16,Black-headed Ibis,31,7,3,,,,,
12.3.20,16,Black-headed Ibis,12,2,3,,,,,
12.3.20,16,Black-headed Ibis,21,7,3,,,,,
12.3.20,16,Black-headed Ibis,22,3,3,,,,,
12.3.20,16,Black-headed Ibis,14,5,3,,,,,
12.3.20,16,Eurasian Curlew,14,5,3,,,,,
12.3.20,16,Eurasian Curlew,19,4,3,,,,,
12.3.20,16,Eurasian Curlew,15,2,3,,,,,
12.3.20,16,Eurasian Curlew,14,1,3,,,,,
12.3.20,16,Eurasian Curlew,21,6,3,,,,,
12.3.20,16,Black-headed Ibis,23,2,3,,,,,
12.3.20,16,Black-headed Ibis,19,1,3,,,,,
12.3.20,16,Eurasian Curlew,26,4,3,,,,,
12.3.20,16,Black-headed Ibis,31,1,3,,,,,
12.3.20,16,Black-headed Ibis,30,3,3,,,,,
12.3.20,16,Black-headed Ibis,27,0,3,,,,,
12.3.20,16,Black-headed Ibis,27,1,3,,,,,
12.3.20,16,Black-headed Ibis,32,2,3,,,,,
12.3.20,16,Black-headed Ibis,26,2,3,,,,,
12.3.20,16,Black-headed Ibis,28,3,3,,,,,
12.3.20,16,Black-headed Ibis,26,3,3,,,,,
12.3.20,16,Eurasian Curlew,18,1,3,,,,,
12.3.20,16,Eurasian Curlew,28,3,3,,,,,
12.3.20,16,Eurasian Curlew,43,3,3,,,,,
7.3.20,1,Grey Plover,10,4,3,,,,,
7.3.20,1,Grey Plover,11,5,3,,,,,breeding plumage
7.3.20,1,Grey Plover,9,6,3,,,,,
7.3.20,1,Grey Plover,5,1,3,,,,,
7.3.20,1,Common Redshank,21,6,2,,,,,
7.3.20,1,Common Redshank,29,7,2,,,,,
7.3.20,1,Common Redshank,23,4,2,,,,,
7.3.20,1,Terek Sandpiper,13,2,2,,,,,
7.3.20,1,Terek Sandpiper,9,2,2,,,,,
7.3.20,1,Terek Sandpiper,17,6,2,,,,,
7.3.20,1,Grey Plover,6,1,3,,,,,
7.3.20,1,Grey Plover,11,8,3,,,,,
7.3.20,1,Temminck's Stint,47,11,3,,,,,
7.3.20,1,Temminck's Stint,58,17,3,,,,,
7.3.20,1,Pacific Golden-Plover,7,4,3,,,,,
7.3.20,1,Pacific Golden-Plover,4,4,2,,,,,started to preen after two minutes
7.3.20,1,Pacific Golden-Plover,1,1,2,,,,,
7.3.20,1,Temminck's Stint,51,15,3,,,,,
7.3.20,1,Pacific Golden-Plover,9,5,3,,,,,
7.3.20,1,Temminck's Stint,27,13,2,,,,,
7.3.20,1,Pacific Golden-Plover,6,4,2,,,,,
7.3.20,1,Pacific Golden-Plover,9,6,3,,,,,
7.3.20,1,Pacific Golden-Plover,13,5,3,,,,,
7.3.20,1,Pacific Golden-Plover,11,3,2,,,,,
7.3.20,1,Common Redshank,17,7,2,,,,,
7.3.20,1,Grey Plover,23,10,3,,,,,
7.3.20,1,Grey Plover,11,3,2,,,,,
7.3.20,1,Pacific Golden-Plover,8,4,3,,,,,
7.3.20,1,Pacific Golden-Plover,11,4,3,,,,,
7.3.20,1,Temminck's Stint,27,14,2,,,,,
7.3.20,1,Temminck's Stint,28,10,2,,,,,
7.3.20,1,Lesser/Greater Sand-Plover,9,5,3,,,,,
7.3.20,1,Temminck's Stint,41,11,3,,,,,
7.3.20,1,Common Redshank,49,9,3,,,,,breeding plumage
7.3.20,1,Common Redshank,22,5,2,,,,,breeding plumage
15.3.20,162,Black-tailed Godwit,27,4,2,,,,,
15.3.20,162,Black-tailed Godwit,35,7,3,,,,,
15.3.20,162,Black-tailed Godwit,32,6,3,,,,,
15.3.20,162,Lesser/Greater Sand-Plover,14,3,3,,,,,
15.3.20,162,Lesser/Greater Sand-Plover,12,1,2,,,,,
15.3.20,162,Lesser/Greater Sand-Plover,15,4,2,,,,,
15.3.20,162,Common Redshank,16,2,2,,,,,
15.3.20,162,Lesser/Greater Sand-Plover,13,10,3,,,,,
15.3.20,162,Lesser/Greater Sand-Plover,24,9,3,,,,,
15.3.20,162,Common Redshank,48,14,3,,,,,
15.3.20,162,Common Redshank,61,16,3,,,,,
15.3.20,162,Lesser/Greater Sand-Plover,16,7,2,,,,,
15.3.20,162,Little/Red-necked Stint,16,5,2,,,,,
15.3.20,162,Black-tailed Godwit,28,7,3,,,,,
15.3.20,162,Common Redshank,36,8,3,,,,,
15.3.20,162,Lesser/Greater Sand-Plover,25,6,3,,,,,
15.3.20,162,Lesser/Greater Sand-Plover,29,7,3,,,,,
15.3.20,162,Lesser/Greater Sand-Plover,31,8,3,,,,,
15.3.20,162,Black-tailed Godwit,51,14,3,,,,,
15.3.20,162,Black-tailed Godwit,54,13,3,,,,,
15.3.20,162,Black-tailed Godwit,34,7,3,,,,,
15.3.20,162,Black-tailed Godwit,30,9,3,,,,,
15.3.20,162,Black-tailed Godwit,38,6,3,,,,,
15.3.20,162,Black-tailed Godwit,55,14,3,,,,,
15.3.20,162,Black-tailed Godwit,45,13,3,,,,,
15.3.20,162,Black-tailed Godwit,56,17,3,,,,,
15.3.20,162,Lesser/Greater Sand-Plover,32,7,2,,,,,
15.3.20,162,Lesser/Greater Sand-Plover,17,6,3,,,,,
15.3.20,162,Common Redshank,48,8,3,,,,,
15.3.20,162,Lesser/Greater Sand-Plover,13,7,2,,,,,
15.3.20,162,Black-tailed Godwit,25,5,2,,,,,
15.3.20,162,Lesser/Greater Sand-Plover,18,6,2,,,,,
15.3.20,162,Lesser/Greater Sand-Plover,13,3,2,,,,,
15.3.20,162,Black-tailed Godwit,34,16,2,,,,,
15.3.20,162,Lesser/Greater Sand-Plover,21,,3,,,,,
15.3.20,162,Black-tailed Godwit,48,,3,,,,,
17.3.20,165,Grey Plover,4,3,3,,,,,
17.3.20,165,Grey Plover,3,3,3,,,,,
17.3.20,165,Black-headed Ibis,28,7,3,,,,,
17.3.20,165,Black-headed Ibis,37,6,3,,,,,
17.3.20,165,Common Redshank,38,9,3,,,,,
17.3.20,165,Common Redshank,41,8,3,,,,,
17.3.20,165,Common Redshank,46,11,3,,,,,
17.3.20,165,Black-headed Ibis,11,3,3,,,,,all of them flew because of brahminy
17.3.20,165,Black-tailed Godwit,53,10,3,,,,,
17.3.20,165,Common Redshank,47,8,3,,,,,
17.3.20,165,Common Redshank,37,9,3,,,,,
17.3.20,165,Black-headed Ibis,33,11,3,,,,,
17.3.20,165,Black-tailed Godwit,43,10,3,,,,,
17.3.20,165,Black-tailed Godwit,36,6,2,,,,,
17.3.20,165,Common Redshank,23,6,3,,,,,
17.3.20,165,Common Redshank,56,15,3,,,,,
17.3.20,165,Black-headed Ibis,33,11,3,,,,,
17.3.20,165,Common Redshank,48,9,3,,,,,
17.3.20,165,Grey Plover,8,5,3,,,,,
17.3.20,165,Common Redshank,51,17,3,,,,,
17.3.20,165,Common Greenshank,23,7,3,,,,,
17.3.20,165,Grey Plover,4,2,1,,,,,
17.3.20,165,Black-tailed Godwit,36,13,3,,,,,
17.3.20,165,Common Redshank,29,5,2,,,,,
17.3.20,165,Black-headed Ibis,41,7,3,,,,,
17.3.20,165,Grey Plover,5,2,3,,,,,
17.3.20,165,Black-headed Ibis,29,4,3,,,,,
17.3.20,165,Black-headed Ibis,33,4,3,,,,,
17.3.20,165,Grey Plover,3,2,3,,,,,
17.3.20,165,Common Redshank,28,5,2,,,,,
17.3.20,165,Grey Plover,7,4,3,,,,,
17.3.20,165,Lesser/Greater Sand-Plover,5,4,3,,,,,
17.3.20,165,Grey Plover,6,5,3,,,,,
17.3.20,165,Grey Plover,3,3,3,,,,,
17.3.20,165,Lesser/Greater Sand-Plover,7,5,3,,,,,
17.3.20,165,Lesser/Greater Sand-Plover,18,8,3,,,,,
29.2.20,160,Black-headed Ibis,28,6,3,,,,,
29.2.20,160,Eurasian Curlew,11,5,3,,,,,
29.2.20,160,Grey Plover,9,7,3,,,,,
29.2.20,160,Common Redshank,49,14,3,,,,,
29.2.20,160,Black-tailed Godwit,31,16,3,,,,,
29.2.20,160,Common Greenshank,11,7,3,,,,,
29.2.20,160,Curlew Sandpiper,41,16,3,,,,,
29.2.20,160,Curlew Sandpiper,37,13,3,,,,,
29.2.20,160,Black-headed Ibis,26,3,3,,,,,
29.2.20,160,Grey Plover,7,5,3,,,,,
29.2.20,160,Black-tailed Godwit,39,15,3,,,,,
29.2.20,160,Black-tailed Godwit,42,17,3,,,,,
29.2.20,160,Eurasian Curlew,18,7,3,,,,,
29.2.20,160,Common Redshank,50,15,3,,,,,
29.2.20,160,Lesser/Greater Sand-Plover,21,8,3,,,,,
29.2.20,160,Common Greenshank,17,5,3,,,,,
29.2.20,160,Curlew Sandpiper,46,11,3,,,,,
29.2.20,160,Black-headed Ibis,19,6,3,,,,,
29.2.20,160,Black-tailed Godwit,48,11,3,,,,,
29.2.20,160,Black-tailed Godwit,36,10,3,,,,,
29.2.20,160,Grey Plover,6,5,3,,,,,
29.2.20,160,Grey Plover,13,9,3,,,,,
29.2.20,160,Common Redshank,44,9,3,,,,,
29.2.20,160,Grey Plover,16,11,3,,,,,
29.2.20,160,Grey Plover,6,6,3,,,,,
29.2.20,160,Grey Plover,9,5,3,,,,,
29.2.20,160,Black-tailed Godwit,29,12,2,,,,,
29.2.20,160,Black-tailed Godwit,35,8,3,,,,,
29.2.20,160,Eurasian Curlew,21,10,3,,,,,
29.2.20,160,Lesser/Greater Sand-Plover,26,11,3,,,,,
29.2.20,160,Common Redshank,34,9,3,,,,,
29.2.20,160,Lesser/Greater Sand-Plover,18,7,3,,,,,
29.2.20,160,Black-headed Ibis,9,2,2,,,,,
29.2.20,160,Curlew Sandpiper,23,8,3,,,,,
29.2.20,160,Common Greenshank,21,6,3,,,,,
29.2.20,160,Black-tailed Godwit,41,15,3,,,,,
11.3.20,117,Little/Red-necked Stint,23,5,2,,,,,
11.3.20,117,Little/Red-necked Stint,11,4,2,,,,,
11.3.20,117,Lesser/Greater Sand-Plover,13,8,2,,,,,
11.3.20,117,Little/Red-necked Stint,18,4,2,,,,,
11.3.20,117,Grey Plover,4,3,2,,,,,
11.3.20,117,Lesser/Greater Sand-Plover,11,9,2,,,,,
11.3.20,117,Grey Plover,3,3,2,,,,,
11.3.20,117,Kentish Plover,8,3,2,,,,,
11.3.20,117,Terek Sandpiper,20,6,3,,,,,
11.3.20,117,Terek Sandpiper,22,5,3,,,,,
11.3.20,117,Terek Sandpiper,25,6,3,,,,,
11.3.20,117,Kentish Plover,18,7,3,,,,,
11.3.20,117,Lesser/Greater Sand-Plover,14,8,3,,,,,
11.3.20,117,Common Redshank,25,6,2,,,,,
11.3.20,117,Common Greenshank,33,6,3,,,,,
11.3.20,117,Grey Plover,2,2,3,,,,,
11.3.20,117,Grey Plover,0,0,3,,,,,
11.3.20,117,Lesser/Greater Sand-Plover,13,7,2,,,,,
11.3.20,117,Grey Plover,1,1,2,,,,,
11.3.20,117,Lesser/Greater Sand-Plover,6,3,2,,,,,
11.3.20,117,Lesser/Greater Sand-Plover,8,3,2,,,,,
11.3.20,117,Lesser/Greater Sand-Plover,13,4,2,,,,,
11.3.20,117,Lesser/Greater Sand-Plover,14,11,2,,,,,
11.3.20,117,Lesser/Greater Sand-Plover,17,7,2,,,,,
11.3.20,117,Lesser/Greater Sand-Plover,16,6,2,,,,,
11.3.20,117,Black-headed Ibis,25,3,2,,,,,
11.3.20,117,Black-headed Ibis,23,5,2,,,,,
11.3.20,117,Black-headed Ibis,16,2,2,,,,,
11.3.20,117,Lesser/Greater Sand-Plover,15,6,2,,,,,
11.3.20,117,Lesser/Greater Sand-Plover,14,5,2,,,,,
11.3.20,117,Lesser/Greater Sand-Plover,11,3,2,,,,,
11.3.20,117,Common Redshank,28,6,2,,,,,
11.3.20,117,Lesser/Greater Sand-Plover,19,3,2,,,,,
11.3.20,117,Grey Plover,1,1,2,,,,,
11.3.20,117,Grey Plover,3,3,2,,,,,
11.3.20,117,Common Redshank,25,5,2,,,,,
13.3.20,7,Pied Avocet,32,14,3,,,,,
13.3.20,7,Pied Avocet,40,12,3,,,,,
13.3.20,7,Pied Avocet,40,8,3,,,,,
13.3.20,7,Pied Avocet,39,7,3,,,,,
13.3.20,7,Black-tailed Godwit,53,11,3,,,,,
13.3.20,7,Black-tailed Godwit,33,7,3,,,,,
13.3.20,7,Black-tailed Godwit,44,6,3,,,,,
13.3.20,7,Black-tailed Godwit,37,8,3,,,,,
13.3.20,7,Black-tailed Godwit,48,7,3,,,,,
13.3.20,7,Pied Avocet,39,6,3,,,,,
13.3.20,7,Pied Avocet,44,9,3,,,,,
13.3.20,7,Kentish Plover,14,9,2,,,,,started to preen after two minutes
13.3.20,7,Grey Plover,18,15,3,,,,,
13.3.20,7,Lesser/Greater Sand-Plover,24,18,3,,,,,
13.3.20,7,Pied Avocet,49,9,3,,,,,
13.3.20,7,Black-tailed Godwit,52,7,3,,,,,
13.3.20,7,Black-tailed Godwit,43,11,3,,,,,
13.3.20,7,Black-tailed Godwit,27,7,3,,,,,all of them flew without reason
13.3.20,7,Lesser/Greater Sand-Plover,24,8,3,,,,,
13.3.20,7,Lesser/Greater Sand-Plover,23,5,3,,,,,
13.3.20,7,Kentish Plover,9,2,3,,,,,
13.3.20,7,Kentish Plover,6,3,3,,,,,
13.3.20,7,Pied Avocet,35,7,3,,,,,
13.3.20,7,Pied Avocet,38,13,3,,,,,
13.3.20,7,Pied Avocet,31,9,3,,,,,
13.3.20,7,Pied Avocet,29,8,3,,,,,
13.3.20,7,Pied Avocet,34,10,3,,,,,
13.3.20,7,Pied Avocet,44,7,3,,,,,
13.3.20,7,Pied Avocet,33,6,3,,,,,
13.3.20,7,Pied Avocet,58,7,3,,,,,
13.3.20,7,Pied Avocet,51,13,3,,,,,
13.3.20,7,Pied Avocet,39,8,3,,,,,
13.3.20,7,Pied Avocet,43,10,3,,,,,
13.3.20,7,Pied Avocet,44,9,3,5,,,,
13.3.20,7,Pied Avocet,36,8,3,,,,,
13.3.20,7,Pied Avocet,37,9,3,,,,,
14.3.20,23,Black-tailed Godwit,41,11,3,,,,,
14.3.20,23,Black-tailed Godwit,40,7,3,,,,,
14.3.20,23,Black-tailed Godwit,32,4,3,,,,,all of them flew because of brahminy kite
14.3.20,23,Kentish Plover,21,13,3,,,,,
14.3.20,23,Kentish Plover,24,6,3,,,,,
14.3.20,23,Grey Plover,6,3,3,,,,,
14.3.20,23,Eurasian Curlew,22,2,3,,,,,
14.3.20,23,Kentish Plover,9,7,3,,,,,breeding plumage
14.3.20,23,Kentish Plover,19,13,3,,,,,
14.3.20,23,Kentish Plover,11,6,2,,,,,
14.3.20,23,Kentish Plover,14,9,3,,,,,
14.3.20,23,Whimbrel,23,7,3,,,,,
14.3.20,23,Kentish Plover,8,3,3,,,,,
14.3.20,23,Kentish Plover,9,5,3,,,,,
14.3.20,23,Kentish Plover,13,6,3,,,,,
14.3.20,23,Kentish Plover,14,5,3,,,,,
14.3.20,23,Kentish Plover,12,4,3,,,,,
14.3.20,23,Kentish Plover,14,6,3,,,,,
14.3.20,23,Kentish Plover,16,3,3,,,,,
14.3.20,23,Grey Plover,20,13,3,,,,,
14.3.20,23,Grey Plover,12,8,3,,,,,
14.3.20,23,Grey Plover,14,10,3,,,,,
14.3.20,23,Grey Plover,13,12,3,,,,,
14.3.20,23,Grey Plover,12,7,3,,,,,
14.3.20,23,Grey Plover,14,7,3,,,,,
14.3.20,23,Grey Plover,9,7,3,,,,,
14.3.20,23,Pied Avocet,34,9,3,,,,,
14.3.20,23,Pied Avocet,37,11,3,,,,,
14.3.20,23,Black-headed Ibis,30,4,3,,,,,
14.3.20,23,Eurasian Curlew,25,5,3,,,,,
14.3.20,23,Eurasian Curlew,19,4,3,,,,,
14.3.20,23,Pied Avocet,26,5,3,,,,,
14.3.20,23,Pied Avocet,45,7,3,,,,,
14.3.20,23,Black-headed Ibis,31,2,3,,,,,
14.3.20,23,Pied Avocet,28,6,3,,,,,
16.3.20,158,Black-tailed Godwit,49,11,3,,,,,
16.3.20,158,Black-tailed Godwit,41,8,3,,,,,
16.3.20,158,Black-tailed Godwit,30,6,3,,,,,
16.3.20,158,Black-tailed Godwit,37,9,3,,,,,
16.3.20,158,Black-tailed Godwit,27,8,3,,,,,
16.3.20,158,Great Knot,57,9,3,1,5,,3,
16.3.20,158,Great Knot,24,3,2,,3,,,
16.3.20,158,Common Redshank,28,6,3,,,,,
16.3.20,158,Common Redshank,32,13,3,,,,,
16.3.20,158,Black-tailed Godwit,35,14,3,,,,,
16.3.20,158,Black-tailed Godwit,39,9,3,,,,,
16.3.20,158,Black-tailed Godwit,41,10,3,,,,,
16.3.20,158,Black-tailed Godwit,26,8,3,,,,,
16.3.20,158,Common Greenshank,23,4,2,,,,,
16.3.20,158,Black-tailed Godwit,31,9,3,,,,,
16.3.20,158,Common Greenshank,33,7,3,,,,,
16.3.20,158,Black-tailed Godwit,30,7,3,,,,,
16.3.20,158,Black-tailed Godwit,28,9,3,,,,,
16.3.20,158,Common Greenshank,29,5,3,,,,,
16.3.20,158,Common Greenshank,21,7,3,,,,,
16.3.20,158,Black-tailed Godwit,46,14,3,,,,,
16.3.20,158,Common Greenshank,33,10,3,,,,,
16.3.20,158,Black-tailed Godwit,39,7,3,,,,,
16.3.20,158,Great Knot,53,13,3,,,,,
16.3.20,158,Lesser/Greater Sand-Plover,18,6,3,,,,,
16.3.20,158,Black-tailed Godwit,41,14,3,,,,,
16.3.20,158,Black-tailed Godwit,38,7,3,,,,,
16.3.20,158,Grey Plover,2,2,3,,,,,
16.3.20,158,Eurasian Curlew,57,7,3,,,,,
16.3.20,158,Common Greenshank,28,6,3,,,,,
16.3.20,158,Black-tailed Godwit,43,13,3,,,,,
16.3.20,158,Black-tailed Godwit,32,11,3,,,,,
16.3.20,158,Black-tailed Godwit,24,7,3,,,,,all of them flew as soon as skimmers started to fly and forage
16.3.20,158,Black-tailed Godwit,24,5,2,,,,,
16.3.20,158,Black-tailed Godwit,34,9,3,,,,,
16.3.20,158,Great Knot,29,5,3,,,,,
22.3.20,30,Lesser/Greater Sand-Plover,21,9,3,,,,,
22.3.20,30,Common Redshank,48,16,3,,,,,
22.3.20,30,Grey Plover,8,7,3,,,,,
22.3.20,30,Black-headed Ibis,7,2,2,,,,,
22.3.20,30,Common Greenshank,24,9,3,1,1,3,,
22.3.20,30,Kentish Plover,31,8,3,,,,,
22.3.20,30,Kentish Plover,29,10,3,,,,,
22.3.20,30,Common Greenshank,18,6,3,,,,,
22.3.20,30,Grey Plover,9,6,3,,,,,
22.3.20,30,Grey Plover,11,9,3,6,1,,1,
22.3.20,30,Grey Plover,5,5,3,,,,,
22.3.20,30,Black-headed Ibis,16,8,3,,,,,
22.3.20,30,Black-headed Ibis,20,9,3,,,,,
22.3.20,30,Black-headed Ibis,21,7,3,,,,,
22.3.20,30,Grey Plover,10,6,3,6,,,,
22.3.20,30,Grey Plover,7,4,3,,,,,
22.3.20,30,Kentish Plover,24,13,3,,,,,
22.3.20,30,Lesser/Greater Sand-Plover,22,11,3,,,,,
22.3.20,30,Black-tailed Godwit,38,8,3,,,,,
22.3.20,30,Black-tailed Godwit,42,10,3,,,,,
22.3.20,30,Common Redshank,29,9,2,,,,,
22.3.20,30,Common Redshank,51,17,3,,,,,
22.3.20,30,Common Redshank,47,7,3,,,,,
22.3.20,30,Black-tailed Godwit,25,12,2,,,,,
22.3.20,30,Grey Plover,10,8,3,,,,,
22.3.20,30,Lesser/Greater Sand-Plover,23,6,3,,,,,
22.3.20,30,Lesser/Greater Sand-Plover,20,9,3,,,,,
22.3.20,30,Common Greenshank,16,6,3,,,,,
22.3.20,30,Pied Avocet,31,10,3,,,,,
22.3.20,30,Pied Avocet,27,11,3,,,,,
22.3.20,30,Lesser/Greater Sand-Plover,15,3,3,,,,,
22.3.20,30,Lesser/Greater Sand-Plover,29,10,3,,,,,
22.3.20,30,Lesser/Greater Sand-Plover,21,8,3,,,,,
22.3.20,30,Lesser/Greater Sand-Plover,16,9,3,,,,,
22.3.20,30,Lesser/Greater Sand-Plover,24,11,3,,,,,
22.3.20,30,Common Redshank,39,12,3,,,,,
22.3.20,30,Common Redshank,43,15,3,5,,,,
19.3.20,124,Little/Red-necked Stint,28,7,3,,,,,
19.3.20,124,Little/Red-necked Stint,29,6,3,3,,,1,
19.3.20,124,Little/Red-necked Stint,39,11,3,,,,,
19.3.20,124,Little/Red-necked Stint,34,8,3,,,,,
19.3.20,124,Little/Red-necked Stint,28,5,3,,,,,
19.3.20,124,Little/Red-necked Stint,42,10,3,,,,,
19.3.20,124,Little/Red-necked Stint,43,9,3,,,,,
19.3.20,124,Red Knot,67,17,3,,,,,
19.3.20,124,Spoon-billed Sandpiper,37,11,3,3,,,,
19.3.20,124,Great Knot,57,12,3,,,,,
19.3.20,124,Curlew Sandpiper,52,17,3,,,,,breeding plumage
19.3.20,124,Curlew Sandpiper,44,13,3,,,,,
19.3.20,124,Great Knot,49,12,3,2,4,,6,breeding plumage
19.3.20,124,Great Knot,26,7,1,,3,,4,
19.3.20,124,Black-headed Ibis,25,4,3,,,,,
19.3.20,124,Black-headed Ibis,23,3,3,,,,,
19.3.20,124,Black-headed Ibis,14,2,3,,,,,
19.3.20,124,Common Redshank,45,9,3,,,,,
19.3.20,124,Common Redshank,29,6,3,,,,,
19.3.20,124,Common Redshank,30,8,3,,,,,
19.3.20,124,Black-headed Ibis,22,7,3,,,,,
19.3.20,124,Great Knot,48,8,3,,2,,6,
19.3.20,124,Curlew Sandpiper,31,7,3,,,,,
19.3.20,124,Curlew Sandpiper,38,12,3,,,,,
19.3.20,124,Black-tailed Godwit,55,16,3,11,,,,
19.3.20,124,Little/Red-necked Stint,31,9,3,5,,,,
19.3.20,124,Curlew Sandpiper,43,13,3,,,,,
19.3.20,124,Great Knot,56,16,3,,3,,13,
19.3.20,124,Little/Red-necked Stint,35,7,3,,,,,
19.3.20,124,Curlew Sandpiper,26,7,3,,,,,
19.3.20,124,Little/Red-necked Stint,32,11,3,,,,,
19.3.20,124,Little/Red-necked Stint,29,6,3,,,,,
19.3.20,124,Curlew Sandpiper,25,5,3,,,,,
19.3.20,124,Lesser/Greater Sand-Plover,25,5,3,,,,,
19.3.20,124,Broad-billed Sandpiper,40,7,3,7,,,,
19.3.20,124,Broad-billed Sandpiper,43,10,3,,,,,
5.3.20,122,Ruddy Turnstone,41,7,3,,,,7,
5.3.20,122,Ruddy Turnstone,43,5,3,,,,5,
5.3.20,122,Red Knot,29,3,2,1,,,2,
5.3.20,122,Red Knot,48,7,3,,,,,
5.3.20,122,Red Knot,51,9,3,,,,,
5.3.20,122,Great Knot,38,10,3,1,,,6,
5.3.20,122,Great Knot,46,7,3,,,,,
5.3.20,122,Curlew Sandpiper,37,6,3,,,,,
5.3.20,122,Terek Sandpiper,17,3,3,3,,,,
5.3.20,122,Terek Sandpiper,22,6,3,,,,,
5.3.20,122,Terek Sandpiper,19,7,3,,,,,
5.3.20,122,Curlew Sandpiper,39,7,3,,,,,
5.3.20,122,Black-headed Ibis,22,3,3,,,,,
5.3.20,122,Great Knot,57,12,3,4,1,,7,
5.3.20,122,Little/Red-necked Stint,43,9,3,6,3,,,
5.3.20,122,Little/Red-necked Stint,47,7,3,7,,,,
5.3.20,122,Little/Red-necked Stint,37,6,3,5,,,1,
5.3.20,122,Terek Sandpiper,41,13,3,3,6,,4,
5.3.20,122,Curlew Sandpiper,22,9,2,,,,,
5.3.20,122,Red Knot,38,6,2,,,,,
5.3.20,122,Curlew Sandpiper,42,7,3,,,,,
5.3.20,122,Red Knot,29,4,3,1,1,,2,
5.3.20,122,Red Knot,28,4,3,,,,4,
5.3.20,122,Red Knot,38,6,3,1,,,5,
5.3.20,122,Curlew Sandpiper,32,4,3,,,,,
5.3.20,122,Curlew Sandpiper,33,7,3,,,,,
5.3.20,122,Black-tailed Godwit,34,8,3,,,,,
5.3.20,122,Great Knot,32,8,3,,,,,
5.3.20,122,Great Knot,41,12,3,,,,,
5.3.20,122,Little/Red-necked Stint,47,13,3,,,,,
5.3.20,122,Little/Red-necked Stint,29,6,2,,,,,
5.3.20,122,Curlew Sandpiper,41,11,3,,,,,
5.3.20,122,Red Knot,57,13,3,,,,,
5.3.20,122,Curlew Sandpiper,38,5,3,5,,,,
5.3.20,122,Great Knot,42,6,3,3,,,3,
1.3.20,121,Little/Red-necked Stint,48,9,3,9,,,,
1.3.20,121,Little/Red-necked Stint,50,15,3,,,,,
1.3.20,121,Little/Red-necked Stint,47,11,3,,,,,
1.3.20,121,Common Redshank,38,7,3,,,,,
1.3.20,121,Lesser/Greater Sand-Plover,19,5,3,,,,,
1.3.20,121,Curlew Sandpiper,33,6,3,,,,,
1.3.20,121,Curlew Sandpiper,37,11,3,,,,,
1.3.20,121,Curlew Sandpiper,41,8,3,,,,,
1.3.20,121,Dunlin,52,16,3,11,3,,,
1.3.20,121,Black-headed Ibis,17,7,3,,,,,
1.3.20,121,Black-headed Ibis,20,9,3,,,,,
1.3.20,121,Great Knot,48,10,3,,,,10,
1.3.20,121,Broad-billed Sandpiper,30,7,3,,,,,
1.3.20,121,Broad-billed Sandpiper,34,9,3,,,,,
1.3.20,121,Great Knot,53,13,3,3,1,,9,
1.3.20,121,Curlew Sandpiper,29,6,2,,,,,
1.3.20,121,Black-headed Ibis,21,10,3,,,,,
1.3.20,121,Common Greenshank,17,5,3,,,,,
1.3.20,121,Common Greenshank,16,3,3,,,,,
1.3.20,121,Little/Red-necked Stint,40,9,3,,,,,
1.3.20,121,Common Redshank,23,6,2,,,,,
1.3.20,121,Common Greenshank,19,6,3,,,,,
1.3.20,121,Black-headed Ibis,9,1,2,,,,,
1.3.20,121,Lesser/Greater Sand-Plover,23,10,3,,,,,
1.3.20,121,Lesser/Greater Sand-Plover,17,6,3,,,,,
1.3.20,121,Curlew Sandpiper,21,5,2,,,,,
2.3.20,119,Black-tailed Godwit,31,14,3,,,,,
2.3.20,119,Black-tailed Godwit,36,17,3,,,,,
2.3.20,119,Black-tailed Godwit,44,11,3,,,,,
2.3.20,119,Black-tailed Godwit,28,9,2,,,,,
2.3.20,119,Common Redshank,47,12,3,,,,,
2.3.20,119,Common Redshank,35,10,3,,,,,
2.3.20,119,Common Redshank,28,5,2,,,,,
2.3.20,119,Little/Red-necked Stint,48,9,3,,,,,
2.3.20,119,Little/Red-necked Stint,39,9,3,,,,,
2.3.20,119,Ruddy Turnstone,33,12,3,,,,,
2.3.20,119,Ruddy Turnstone,40,16,3,,,,,
2.3.20,119,Grey Plover,7,7,3,7,,,,
2.3.20,119,Grey Plover,13,9,3,6,3,,,
2.3.20,119,Grey Plover,15,11,3,,,,,
2.3.20,119,Grey Plover,13,10,3,,,,,
2.3.20,119,Grey Plover,16,11,3,,,,,
2.3.20,119,Black-tailed Godwit,45,9,3,,,,,
2.3.20,119,Black-tailed Godwit,40,14,3,,,,,
2.3.20,119,Black-tailed Godwit,38,17,3,,,,,
2.3.20,119,Black-tailed Godwit,32,12,3,,,,,
2.3.20,119,Black-headed Ibis,8,3,3,,,,,
2.3.20,119,Black-headed Ibis,18,8,3,,,,,
2.3.20,119,Black-headed Ibis,20,5,3,,,,,
2.3.20,119,Common Greenshank,11,5,3,,,,,
2.3.20,119,Common Redshank,29,8,2,,,,,
2.3.20,119,Common Redshank,33,13,3,,,,,
2.3.20,119,Eurasian Curlew,13,3,2,,,,,
2.3.20,119,Eurasian Curlew,19,9,3,,,,,
2.3.20,119,Eurasian Curlew,22,13,3,,,,,
2.3.20,119,Lesser/Greater Sand-Plover,29,7,3,,,,,
2.3.20,119,Lesser/Greater Sand-Plover,14,4,3,,,,,
2.3.20,119,Lesser/Greater Sand-Plover,10,6,2,,,,,
2.3.20,119,Lesser/Greater Sand-Plover,23,11,3,,,,,
2.3.20,119,Lesser/Greater Sand-Plover,18,11,3,,,,,
2.3.20,119,Lesser/Greater Sand-Plover,15,5,3,,,,,
2.3.20,119,Lesser/Greater Sand-Plover,10,9,2,,,,,
24.3.20,118,Common Redshank,39,11,3,,,,,
24.3.20,118,Common Redshank,42,14,3,,,,,
24.3.20,118,Common Redshank,48,13,3,,,,,
24.3.20,118,Pied Avocet,56,10,3,,,,,
24.3.20,118,Pied Avocet,61,12,3,,,,,
24.3.20,118,Pied Avocet,44,6,3,,,,,
24.3.20,118,Pied Avocet,57,17,3,,,,,
24.3.20,118,Black-headed Ibis,29,9,3,,,,,
24.3.20,118,Black-headed Ibis,31,13,3,,,,,
24.3.20,118,Pied Avocet,46,16,3,,,,,
24.3.20,118,Pied Avocet,50,18,3,,,,,
24.3.20,118,Pied Avocet,47,13,3,,,,,
24.3.20,118,Pied Avocet,23,7,2,,,,,
24.3.20,118,Little/Red-necked Stint,34,7,3,,,,,
24.3.20,118,Little/Red-necked Stint,29,9,3,,,,,
24.3.20,118,Black-tailed Godwit,46,18,3,,,,,
24.3.20,118,Black-tailed Godwit,38,8,3,,,,,
24.3.20,118,Black-tailed Godwit,40,14,3,,,,,
24.3.20,118,Pied Avocet,40,15,3,,,,,
24.3.20,118,Pied Avocet,35,7,3,7,,,,
24.3.20,118,Pied Avocet,55,19,3,,,,,
24.3.20,118,Black-tailed Godwit,36,10,3,,,,,
24.3.20,118,Black-tailed Godwit,31,11,3,,,,,
24.3.20,118,Common Redshank,49,9,3,,,,,
24.3.20,118,Common Redshank,42,13,3,,,,,
24.3.20,118,Common Redshank,52,17,3,,,,,
24.3.20,118,Common Redshank,25,4,2,,,,,
24.3.20,118,Common Greenshank,18,6,3,,,,,
24.3.20,118,Black-headed Ibis,16,4,3,4,,,,
24.3.20,118,Black-tailed Godwit,36,16,3,,,,,
24.3.20,118,Black-tailed Godwit,30,11,3,,,,,
24.3.20,118,Black-tailed Godwit,49,12,3,12,,,,
24.3.20,118,Black-tailed Godwit,48,17,3,,,,,
24.3.20,118,Black-tailed Godwit,24,6,2,,,,,
24.3.20,118,Little/Red-necked Stint,45,11,3,,,,,
24.3.20,118,Lesser/Greater Sand-Plover,22,6,3,,,,,
24.3.20,118,Lesser/Greater Sand-Plover,18,7,3,,,,,
21.3.20,12,Eurasian Curlew,40,7,3,,,,,
21.3.20,12,Eurasian Curlew,35,3,3,,,,,
21.3.20,12,Eurasian Curlew,27,5,3,,,,,
21.3.20,12,Black-headed Ibis,18,5,3,,,,,
21.3.20,12,Eurasian Curlew,31,7,3,,,,,
21.3.20,12,Eurasian Curlew,23,4,3,,,,,
21.3.20,12,Eurasian Curlew,8,1,1,,1,,,
21.3.20,12,Common Redshank,32,12,3,,,,,
21.3.20,12,Common Redshank,38,8,3,,,,,
21.3.20,12,Common Redshank,41,13,3,,,,,
21.3.20,12,Common Sandpiper,53,14,3,,,,,
21.3.20,12,Common Sandpiper,48,11,3,,,,,
21.3.20,12,Eurasian Curlew,29,9,3,,,,,
21.3.20,12,Black-headed Ibis,21,10,3,,,,,
21.3.20,12,Eurasian Curlew,21,5,3,,,,,
21.3.20,12,Common Sandpiper,38,7,3,,,,,
21.3.20,12,Common Sandpiper,35,6,3,,,,,
21.3.20,12,Common Sandpiper,39,8,3,,,,,
21.3.20,12,Eurasian Curlew,3,2,1,,,,,
21.3.20,12,Black-headed Ibis,13,3,3,,,,,
21.3.20,12,Eurasian Curlew,28,5,3,,,,,
21.3.20,12,Eurasian Curlew,29,6,3,,,,,
21.3.20,12,Kentish Plover,17,5,3,,,,,
21.3.20,12,Common Redshank,48,8,3,,,,,
21.3.20,12,Common Redshank,44,11,3,,,,,
21.3.20,12,Common Redshank,49,13,3,,,,,
21.3.20,12,Common Redshank,50,17,3,,,,,
21.3.20,12,Kentish Plover,13,6,2,,,,,
21.3.20,12,Pied Avocet,29,9,3,,,,,
21.3.20,12,Pied Avocet,36,7,3,,,,,
21.3.20,12,Pied Avocet,43,12,3,,,,,
21.3.20,12,Pied Avocet,35,9,3,,,,,
21.3.20,12,Pied Avocet,48,14,3,,,,,
21.3.20,12,Pied Avocet,49,9,3,,,,,
21.3.20,12,Pied Avocet,51,16,3,,,,,
21.3.20,12,Pied Avocet,40,15,3,,,,,
21.3.20,14,Pied Avocet,28,5,2,,,,,
21.3.20,14,Pied Avocet,23,6,3,,,,,
21.3.20,14,Pied Avocet,9,2,1,,,,,
21.3.20,14,Kentish Plover,23,5,3,,5,,,
21.3.20,14,Kentish Plover,11,5,2,1,4,,,
21.3.20,14,Kentish Plover,21,8,3,2,4,,2,
21.3.20,14,Common Greenshank,21,3,3,,,,,
21.3.20,14,Common Greenshank,26,5,3,,,,,
21.3.20,14,Kentish Plover,21,4,3,,,,,
21.3.20,14,Kentish Plover,20,7,3,,,,,
21.3.20,14,Kentish Plover,16,5,2,,,,,
21.3.20,14,Kentish Plover,22,4,3,,,,,
21.3.20,14,Broad-billed Sandpiper,12,4,1,,,,,
21.3.20,14,Broad-billed Sandpiper,47,8,3,,,,,
21.3.20,14,Broad-billed Sandpiper,37,9,3,,,,,
21.3.20,14,Lesser/Greater Sand-Plover,27,13,3,,,,,
21.3.20,14,Curlew Sandpiper,18,4,2,,,,,
21.3.20,14,Curlew Sandpiper,12,3,1,,,,,
21.3.20,14,Pied Avocet,41,13,3,,,,,
21.3.20,14,Pied Avocet,47,8,3,,,,,
21.3.20,14,Pied Avocet,33,9,3,,,,,
21.3.20,14,Eurasian Curlew,26,6,3,,,,,
21.3.20,14,Eurasian Curlew,23,4,3,,,,,
21.3.20,14,Eurasian Curlew,27,5,3,,,,,
21.3.20,14,Eurasian Curlew,22,7,3,,,,,
21.3.20,14,Lesser/Greater Sand-Plover,26,9,3,,,,,
21.3.20,14,Lesser/Greater Sand-Plover,24,5,3,,,,,
21.3.20,14,Lesser/Greater Sand-Plover,18,4,3,,,,,
21.3.20,14,Pied Avocet,37,11,3,6,3,,,
21.3.20,14,Pied Avocet,41,13,3,,,,,
21.3.20,14,Pied Avocet,37,8,3,,,,,
21.3.20,14,Eurasian Curlew,34,7,3,,,,,
21.3.20,14,Broad-billed Sandpiper,38,9,3,4,1,,4,
21.3.20,14,Broad-billed Sandpiper,26,7,2,,,,,
21.3.20,14,Broad-billed Sandpiper,23,6,2,,,,,
21.3.20,14,Broad-billed Sandpiper,28,5,2,,,,,
9.3.20,156,Bar-tailed Godwit,51,12,3,,,,,
9.3.20,156,Curlew Sandpiper,43,13,3,,,,,
9.3.20,156,Curlew Sandpiper,39,11,3,,,,,
9.3.20,156,Black-tailed Godwit,49,14,3,,,,,
9.3.20,156,Black-tailed Godwit,44,9,3,,,,,
9.3.20,156,Black-tailed Godwit,40,8,3,,,,,
9.3.20,156,Black-tailed Godwit,36,9,3,,,,,
9.3.20,156,Grey Plover,6,6,3,,,,,
9.3.20,156,Grey Plover,11,8,3,,,,,
9.3.20,156,Grey Plover,14,9,3,,,,,
9.3.20,156,Grey Plover,7,5,3,,,,,
9.3.20,156,Grey Plover,13,9,3,,,,,
9.3.20,156,Whimbrel,23,6,3,,,,,
9.3.20,156,Whimbrel,28,9,3,,,,,
9.3.20,156,Eurasian Curlew,24,8,3,,,,,
9.3.20,156,Black-tailed Godwit,26,7,2,,,,,
9.3.20,156,Common Redshank,47,10,3,,,,,
9.3.20,156,Common Redshank,38,7,3,,,,,
9.3.20,156,Great Knot,56,17,3,,,,,
9.3.20,156,Great Knot,51,13,3,,,,,
9.3.20,156,Grey Plover,12,10,3,,,,,
9.3.20,156,Grey Plover,10,9,3,,,,,
9.3.20,156,Little/Red-necked Stint,31,8,3,,,,,
9.3.20,156,Little/Red-necked Stint,29,6,3,,,,,
9.3.20,156,Common Redshank,36,9,3,,,,,
9.3.20,156,Common Redshank,49,12,3,,,,,
9.3.20,156,Common Redshank,31,10,3,,,,,
9.3.20,156,Eurasian Curlew,17,4,3,,,,,
9.3.20,156,Lesser/Greater Sand-Plover,31,14,3,,,,,
9.3.20,156,Lesser/Greater Sand-Plover,20,12,3,,,,,
9.3.20,156,Lesser/Greater Sand-Plover,18,7,3,,,,,
9.3.20,156,Lesser/Greater Sand-Plover,19,9,3,,,,,
9.3.20,156,Lesser/Greater Sand-Plover,23,10,3,,,,,
9.3.20,156,Lesser/Greater Sand-Plover,17,6,3,,,,,
9.3.20,156,Lesser/Greater Sand-Plover,26,14,3,,,,,
9.3.20,156,Grey Plover,14,12,3,,,,,
8.3.20,152,Kentish Plover,35,9,3,,,,,
8.3.20,152,Kentish Plover,33,8,3,,,,,
8.3.20,152,Kentish Plover,29,5,3,,,,,
8.3.20,152,Kentish Plover,31,9,3,,,,,
8.3.20,152,Kentish Plover,28,5,3,,,,,
8.3.20,152,Common Redshank,43,13,3,,,,,
8.3.20,152,Common Redshank,39,9,3,,,,,
8.3.20,152,Common Redshank,47,14,3,,,,,
8.3.20,152,Common Redshank,50,16,3,,,,,
8.3.20,152,Black-tailed Godwit,49,9,3,,,,,
8.3.20,152,Black-tailed Godwit,44,13,3,,,,,
8.3.20,152,Black-tailed Godwit,40,15,3,,,,,
8.3.20,152,Black-tailed Godwit,36,11,3,,,,,
8.3.20,152,Black-tailed Godwit,37,10,3,,,,,
8.3.20,152,Eurasian Curlew,29,9,3,,,,,
8.3.20,152,Eurasian Curlew,19,7,3,,,,,
8.3.20,152,Kentish Plover,26,6,3,,,,,
8.3.20,152,Lesser/Greater Sand-Plover,18,4,3,,,,,
8.3.20,152,Lesser/Greater Sand-Plover,25,7,3,,,,,
8.3.20,152,Common Greenshank,24,10,3,,,,,
8.3.20,152,Common Greenshank,21,8,3,,,,,
8.3.20,152,Common Greenshank,17,4,3,,,,,
8.3.20,152,Pied Avocet,29,11,3,,,,,
8.3.20,152,Black-tailed Godwit,27,7,3,,,,,
8.3.20,152,Black-tailed Godwit,35,17,3,,,,,
8.3.20,152,Black-tailed Godwit,23,6,2,,,,,
8.3.20,152,Lesser/Greater Sand-Plover,31,13,3,,,,,
8.3.20,152,Common Redshank,30,8,3,,,,,
8.3.20,152,Black-headed Ibis,23,9,3,,,,,
8.3.20,152,Black-headed Ibis,22,10,3,1,3,6,,
8.3.20,152,Black-headed Ibis,18,5,3,,,5,,
8.3.20,152,Black-headed Ibis,12,2,3,,,,,
8.3.20,152,Black-headed Ibis,8,0,3,,,,,
8.3.20,152,Black-headed Ibis,24,11,3,,,,,
8.3.20,152,Black-headed Ibis,20,5,3,,,,,
8.3.20,152,Black-headed Ibis,17,3,3,,,,,
25.3.20,154,Black-tailed Godwit,25,4,2,,,,,
25.3.20,154,Black-tailed Godwit,38,8,3,,,,,
25.3.20,154,Black-tailed Godwit,42,12,3,,,,,
25.3.20,154,Eurasian Curlew,16,3,3,,,,,
25.3.20,154,Eurasian Curlew,24,14,3,7,5,1,1,
25.3.20,154,Black-tailed Godwit,44,13,3,,,,,
25.3.20,154,Black-headed Ibis,49,16,3,,,,,
25.3.20,154,Curlew Sandpiper,39,6,3,,,,,
25.3.20,154,Curlew Sandpiper,34,7,3,,,,,
25.3.20,154,Little/Red-necked Stint,40,5,3,,,,,
25.3.20,154,Little/Red-necked Stint,45,9,3,,,,,
25.3.20,154,Little/Red-necked Stint,29,6,3,,,,,
25.3.20,154,Little/Red-necked Stint,41,8,3,,,,,
25.3.20,154,Little/Red-necked Stint,39,10,3,,,,,
25.3.20,154,Great Knot,56,8,3,,,,,
25.3.20,154,Broad-billed Sandpiper,48,14,3,,,,,
25.3.20,154,Grey Plover,13,7,3,,,,,
25.3.20,154,Grey Plover,15,11,3,,,,,
25.3.20,154,Grey Plover,9,3,3,,,,,
25.3.20,154,Grey Plover,6,6,3,,,,,
25.3.20,154,Black-headed Ibis,21,4,3,,,,,
25.3.20,154,Black-headed Ibis,19,7,3,,,,,
25.3.20,154,Common Greenshank,19,5,3,3,,2,,
25.3.20,154,Lesser/Greater Sand-Plover,31,11,3,,,,,
25.3.20,154,Lesser/Greater Sand-Plover,28,6,3,,,,,
25.3.20,154,Black-headed Ibis,10,2,3,,,,,
25.3.20,154,Curlew Sandpiper,43,13,3,12,,,,
25.3.20,154,Curlew Sandpiper,36,11,3,,,,,
25.3.20,154,Black-tailed Godwit,41,9,3,,,,,
25.3.20,154,Black-tailed Godwit,35,5,3,,,,,
25.3.20,154,Black-tailed Godwit,38,11,3,,,,,
25.3.20,154,Grey Plover,7,7,3,,,,,
25.3.20,154,Black-tailed Godwit,44,7,3,,,,,
25.3.20,154,Black-tailed Godwit,49,16,3,,,,,
25.3.20,154,Common Redshank,56,16,3,,,,,
25.3.20,154,Common Redshank,51,13,3,,,,,
25.3.20,154,Common Redshank,48,9,3,,,,,
18.3.20,163,Whimbrel,29,8,3,,,,,
18.3.20,163,Bar-tailed Godwit,32,11,3,,,,,
18.3.20,163,Common Redshank,47,9,3,,,,,
18.3.20,163,Bar-tailed Godwit,37,8,3,,,,,
18.3.20,163,Common Redshank,56,16,3,,,,,
18.3.20,163,Grey Plover,7,5,3,,,,,
18.3.20,163,Common Redshank,29,7,2,,,,,
18.3.20,163,Whimbrel,25,6,3,1,4,,1,
18.3.20,163,Whimbrel,31,4,3,,,,,
18.3.20,163,Bar-tailed Godwit,47,11,3,7,2,1,,
18.3.20,163,Grey Plover,10,6,3,,,,,
18.3.20,163,Black-headed Ibis,21,6,3,,,,,
18.3.20,163,Black-tailed Godwit,35,7,3,,,,,
18.3.20,163,Great Knot,29,4,1,,,,4,
18.3.20,163,Bar-tailed Godwit,44,13,3,,,,,
18.3.20,163,Whimbrel,19,9,3,,,,,
18.3.20,163,Common Redshank,39,11,3,4,1,3,,
18.3.20,163,Black-headed Ibis,19,6,3,,,,,
18.3.20,163,Black-headed Ibis,22,9,3,,,,,
18.3.20,163,Whimbrel,34,9,3,,4,,5,
18.3.20,163,Lesser/Greater Sand-Plover,15,4,2,,,,,
18.3.20,163,Black-tailed Godwit,49,12,2,,,,,
18.3.20,163,Grey Plover,12,6,3,,,,,
18.3.20,163,Grey Plover,8,4,3,4,,,,
18.3.20,163,Grey Plover,8,7,3,7,,,,
18.3.20,163,Black-headed Ibis,15,7,2,,,7,,
18.3.20,163,Black-headed Ibis,21,5,2,1,2,2,,
18.3.20,163,Black-headed Ibis,26,4,3,,,,,
18.3.20,163,Lesser/Greater Sand-Plover,17,8,2,,,,,
18.3.20,163,Little/Red-necked Stint,33,8,3,,,,,
18.3.20,163,Little/Red-necked Stint,13,6,1,,,,,
18.3.20,163,Lesser/Greater Sand-Plover,13,7,2,,,,,
18.3.20,163,Eurasian Curlew,28,8,2,,,,,
18.3.20,163,Whimbrel,10,3,2,,,,,
18.3.20,163,Common Redshank,57,17,3,,,,,
18.3.20,163,Lesser/Greater Sand-Plover,13,6,2,,,,,
20.3.20,151,Kentish Plover,7,2,3,,,,,
20.3.20,151,Kentish Plover,4,2,3,,,,,
20.3.20,151,Kentish Plover,3,1,3,,,,,
20.3.20,151,Kentish Plover,10,6,3,,,,,
20.3.20,151,Kentish Plover,10,4,3,,,,,
20.3.20,151,Kentish Plover,20,7,3,,,,,
20.3.20,151,Kentish Plover,13,4,3,,,,,
20.3.20,151,Kentish Plover,17,8,3,,,,,
20.3.20,151,Kentish Plover,19,6,3,,,,,
20.3.20,151,Kentish Plover,39,14,3,,,,,
20.3.20,151,Kentish Plover,37,18,3,,,,,
20.3.20,151,Kentish Plover,34,13,3,2,2,,1,
20.3.20,151,Kentish Plover,46,13,3,1,1,,2,
20.3.20,151,Kentish Plover,29,9,3,,,,,
20.3.20,151,Kentish Plover,49,16,3,,,,,
20.3.20,151,Kentish Plover,17,7,3,3,3,,,
20.3.20,151,Kentish Plover,27,11,3,,,,,
20.3.20,151,Kentish Plover,31,9,3,,,,,
20.3.20,151,Kentish Plover,29,13,3,,,,,breeding plumage
20.3.20,151,Kentish Plover,34,12,3,,,,,breeding plumage
20.3.20,151,Lesser/Greater Sand-Plover,18,6,2,6,,,,
20.3.20,151,Lesser/Greater Sand-Plover,22,9,3,,,,,
20.3.20,151,Lesser/Greater Sand-Plover,29,11,3,,,,,
20.3.20,151,Kentish Plover,16,10,2,,,,,
20.3.20,151,Kentish Plover,11,4,2,,,,,
20.3.20,151,Kentish Plover,32,11,3,,,,,
20.3.20,151,Kentish Plover,30,7,3,,,,,
20.3.20,151,Lesser/Greater Sand-Plover,18,7,3,,,,,
20.3.20,151,Lesser/Greater Sand-Plover,13,4,3,,,,,
20.3.20,151,Kentish Plover,22,9,3,,,,,
20.3.20,151,Lesser/Greater Sand-Plover,27,7,3,,,,,
20.3.20,151,Lesser/Greater Sand-Plover,28,9,3,,,,,
20.3.20,151,Eurasian Curlew,11,6,2,,,,,
20.3.20,151,Lesser/Greater Sand-Plover,27,13,3,,,,,
20.3.20,151,Eurasian Curlew,18,6,3,,4,,,
20.3.20,151,Eurasian Curlew,23,14,3,3,5,1,3,
