date,time,segment,scan.no,obs.sp,obs.no,foraging,preening,locomotion,resting,alert,remarks
19.12.19,12:48 PM,27,1,Eurasian Curlew,7,6,0,0,1,0,all species were spraded in the segment even during in every scan and even in the foraging period
19.12.19,12:48 PM,27,1,Whimbrel,1,1,0,0,0,0,three crab collectors
19.12.19,12:48 PM,27,1,Lesser Sand Plover,12,8,0,3,1,0,
19.12.19,1:18 PM,27,2,Eurasian Curlew,1,1,0,0,0,0,
19.12.19,1:18 PM,27,2,Lesser Sand Plover,9,7,0,0,2,0,
19.12.19,1:48 PM,27,3,Eurasian Curlew,3,3,0,0,0,0,
19.12.19,1:48 PM,27,3,Lesser Sand Plover,6,2,0,0,4,0,
19.12.19,2:18 PM,27,4,Eurasian Curlew,1,1,0,0,0,0,
19.12.19,2:18 PM,27,4,Lesser Sand Plover,2,0,1,0,1,0,
19.12.19,2:48 PM,27,5,Eurasian Curlew,2,2,0,0,0,0,
19.12.19,2:48 PM,27,5,Lesser Sand Plover,21,6,3,9,3,0,
19.12.19,2:48 PM,27,5,Common Sandpiper,1,1,0,0,0,0,
19.12.19,2:48 PM,27,5,Common Redshank,2,2,0,0,0,0,
19.12.19,3:18 PM,27,6,Eurasian Curlew,1,1,0,0,0,0,
19.12.19,3:18 PM,27,6,Whimbrel,2,2,0,0,0,0,
19.12.19,3:18 PM,27,6,Common Redshank,2,0,0,0,2,0,
19.12.19,3:18 PM,27,6,Lesser Sand Plover,33,10,0,10,13,0,
21.12.19,12:50 PM,9,1,Black-headed Ibis,7,6,1,0,0,0,"4 raptors (Brahminy kite), 2 fishermen, all species were spraded in the segment even during in every scan and even in the foraging period"
21.12.19,12:50 PM,9,1,Common Greenshank,4,4,0,0,0,0,
21.12.19,1:20 PM,9,2,Black-headed Ibis,26,16,0,0,10,0,"4 raptors, 3 fishermen"
21.12.19,1:20 PM,9,2,Common Greenshank,3,3,0,0,0,0,
21.12.19,1:20 PM,9,2,Eurasian Curlew,2,2,0,0,0,0,
21.12.19,1:50 PM,9,3,Black-headed Ibis,15,6,0,4,5,0,"4 raptors, 3 fishermen"
21.12.19,1:50 PM,9,3,Common Greenshank,2,2,0,0,0,0,
21.12.19,1:50 PM,9,3,Eurasian Curlew,1,,0,0,1,0,
21.12.19,2:20 PM,9,4,Black-headed Ibis,20,18,0,2,0,0,"5 raptors, 3 fishermen"
21.12.19,2:20 PM,9,4,Eurasian Curlew,2,2,0,0,0,0,
21.12.19,2:20 PM,9,4,Common Greenshank,2,2,0,0,0,0,
21.12.19,2:50 PM,9,5,Common Greenshank,2,1,1,0,0,0,"3 raptors, 3 fishermen"
21.12.19,2:50 PM,9,5,Eurasian Curlew,3,2,0,1,0,0,
21.12.19,2:50 PM,9,5,Black-headed Ibis,23,8,5,10,0,0,
21.12.19,3:20 PM,9,6,Black-headed Ibis,11,4,4,3,0,0,"5 raptors, 3 fishermen"
21.12.19,3:20 PM,9,6,Lesser Sand Plover,1,1,0,0,0,0,
21.12.19,3:20 PM,9,6,Common Greenshank,1,1,0,0,0,0,
21.12.19,3:20 PM,9,6,Common Redshank,3,3,0,0,0,0,
21.12.19,3:20 PM,9,6,Eurasian Curlew,4,3,1,0,0,0,
28.12.19,7:50 AM,5,1,Kentish Plover,2,2,0,0,0,0,all species were spraded in the segment even during in every scan and even in the foraging period
28.12.19,7:50 AM,5,1,Common Greenshank,2,2,0,0,0,0,
28.12.19,7:50 AM,5,1,Eurasian Curlew,5,5,0,0,0,0,
28.12.19,8:15 AM,5,2,Eurasian Curlew,11,11,0,0,0,0,
28.12.19,8:15 AM,5,2,Common Redshank,2,2,0,0,0,0,
28.12.19,8:15 AM,5,2,Common Greenshank,2,2,0,0,0,0,
28.12.19,8:40 AM,5,3,Eurasian Curlew,8,5,2,0,1,0,"1 fishermen, 2 raptors (Brahminy kite)"
28.12.19,8:40 AM,5,3,Common Greenshank,2,2,0,0,0,0,
28.12.19,8:40 AM,5,3,Common Redshank,3,3,0,0,0,0,
28.12.19,9:05 AM,5,4,Eurasian Curlew,11,8,0,0,3,0,
28.12.19,9:05 AM,5,4,Common Greenshank,2,2,0,0,0,0,
28.12.19,9:05 AM,5,4,Black-headed Ibis,1,1,0,0,0,0,
28.12.19,9:30 AM,5,5,Eurasian Curlew,14,10,0,0,4,0,
28.12.19,9:30 AM,5,5,Common Redshank,3,3,0,0,0,0,
28.12.19,9:30 AM,5,5,Lesser Sand Plover,2,2,0,0,0,0,
28.12.19,9:30 AM,5,5,Common Greenshank,2,2,0,0,0,0,
28.12.19,9:55 AM,5,6,Eurasian Curlew,9,9,0,0,0,0,
28.12.19,9:55 AM,5,6,Common Redshank,3,3,0,0,0,0,
28.12.19,9:55 AM,5,6,Lesser Sand Plover,1,1,0,0,0,0,
29.12.19,8:10 AM,2,1,Lesser Sand Plover,6,6,0,0,0,0,all species were spraded in the segment even during in every scan and even in the foraging period
29.12.19,8:10 AM,2,1,Common Redshank,11,11,0,0,0,0,
29.12.19,8:40 AM,2,2,Lesser Sand Plover,15,15,0,0,0,0,
29.12.19,8:40 AM,2,2,Common Redshank,5,1,1,3,0,0,
29.12.19,8:40 AM,2,2,Common Greenshank,1,1,0,0,0,0,
29.12.19,8:40 AM,2,2,Eurasian Curlew,1,1,0,0,0,0,
29.12.19,9:10 AM,2,3,Eurasian Curlew,1,1,0,0,0,0,
29.12.19,9:10 AM,2,3,Common Redshank,11,10,0,1,0,0,
29.12.19,9:10 AM,2,3,Common Greenshank,3,1,2,0,0,0,
29.12.19,9:10 AM,2,3,Lesser Sand Plover,9,1,7,1,0,0,
29.12.19,9:40 AM,2,4,Lesser Sand Plover,8,8,0,0,0,0,
29.12.19,9:40 AM,2,4,Common Redshank,10,5,3,2,0,0,
29.12.19,10:10 AM,2,5,Common Redshank,4,4,0,0,0,0,
29.12.19,10:40 AM,2,6,Lesser Sand Plover,3,3,0,0,0,0,
29.12.19,10:40 AM,2,6,Common Greenshank,1,,0,1,0,0,
29.12.19,10:40 AM,2,6,Common Redshank,3,3,0,0,0,0,
31.12.19,8:33 AM,20,1,Lesser Sand Plover,2,2,0,0,0,0,all species were spraded in the segment even during in every scan and even in the foraging period
31.12.19,8:33 AM,20,1,Common Redshank,16,16,0,0,0,0,
31.12.19,8:33 AM,20,1,Common Greenshank,1,1,0,0,0,0,
31.12.19,8:33 AM,20,1,Black-headed Ibis,1,0,0,1,0,0,
31.12.19,8:58 AM,20,2,Common Redshank,2,1,0,1,0,0,
31.12.19,8:58 AM,20,2,Common Greenshank,2,1,0,1,0,0,
31.12.19,9:23 AM,20,3,Eurasian Curlew,1,0,0,1,0,0,
31.12.19,9:23 AM,20,3,Common Redshank,5,4,0,1,0,0,
31.12.19,9:23 AM,20,3,Common Greenshank,2,2,0,0,0,0,
31.12.19,9:23 AM,20,3,Black-headed Ibis,1,0,1,0,0,0,
31.12.19,9:58 AM,20,4,Lesser Sand Plover,1,0,0,1,0,0,
31.12.19,9:58 AM,20,4,Common Redshank,2,2,0,0,0,0,
31.12.19,9:58 AM,20,4,Kentish Plover,1,1,0,0,0,0,
31.12.19,10:23 AM,20,5,0,0,0,0,0,0,0,
31.12.19,10:53 AM,20,6,0,0,0,0,0,0,0,
1.1.20,9:15 AM,16,1,Lesser Sand Plover,31,14,0,0,17,0,all species were spraded in the segment even during in every scan and even in the foraging period
1.1.20,9:15 AM,16,1,Whimbrel,1,,0,0,1,0,"3 fishermen, gull's flock (53+)"
1.1.20,9:15 AM,16,1,Pied Avocet,3,3,0,0,0,0,
1.1.20,9:15 AM,16,1,Black-headed Ibis,16,11,1,1,3,0,
1.1.20,9:15 AM,16,1,Common Greenshank,2,2,0,0,0,0,
1.1.20,9:45 AM,16,2,Pied Avocet,3,0,3,0,0,0,"3 fishermen, gulls_32 ind."
1.1.20,9:45 AM,16,2,Black-headed Ibis,17,13,0,2,2,0,
1.1.20,9:45 AM,16,2,Lesser Sand Plover,8,1,0,7,0,0,
1.1.20,10:15 AM,16,3,Pied Avocet,3,0,3,0,0,0,"3 fishermen, 1 raptor, gulls"
1.1.20,10:15 AM,16,3,Whimbrel,1,0,0,0,1,0,
1.1.20,10:15 AM,16,3,Lesser Sand Plover,1,0,0,1,0,0,
1.1.20,10:15 AM,16,3,Black-headed Ibis,10,5,0,4,1,0,
1.1.20,10:45 AM,16,4,Lesser Sand Plover,8,3,0,2,3,0,"2 fishermen, 1 raptor, gulls"
1.1.20,10:45 AM,16,4,Black-headed Ibis,5,5,0,0,0,0,
1.1.20,11:15 AM,16,5,Black-headed Ibis,15,12,0,2,1,0,gulls_49 ind.
1.1.20,11:45 AM,16,6,Black-headed Ibis,11,8,3,0,0,0,gulls_64 ind.
1.1.20,11:45 AM,16,6,Eurasian Curlew,2,2,0,0,0,0,
2.1.20,10:12 AM,1,1,Lesser Sand Plover,33,20,7,1,5,0,all species were spraded in the segment even during in every scan and even in the foraging period
2.1.20,10:12 AM,1,1,Little Stint,21,21,0,0,0,0,"2 raptors, 2 fishermen"
2.1.20,10:12 AM,1,1,Black-tailed Godwit,37,37,0,0,0,0,
2.1.20,10:12 AM,1,1,Black-headed Ibis,1,1,0,0,0,0,
2.1.20,10:42 AM,1,2,Black-tailed Godwit,6,6,0,0,0,0,"2 raptors, four fishermen, noise of trawler making"
2.1.20,11:12 AM,1,3,0,0,0,0,0,0,0,"2 raptors, five fishermen, noise of trawler making"
2.1.20,11:42 AM,1,4,Lesser Sand Plover,9,0,0,9,0,0,"2 raptors, five fishermen, noise of trawler making"
2.1.20,12:12 PM,1,5,Lesser Sand Plover,6,4,0,0,2,0,"2 raptors, nine fishermen"
2.1.20,12:42 PM,1,6,Common Greenshank,1,0,0,0,1,0,
2.1.20,12:42 PM,1,6,Lesser Sand Plover,9,9,0,0,0,0,
16.1.20,8:52 AM,162,1,Lesser Sand Plover,6,6,0,0,0,0,
16.1.20,8:52 AM,162,1,Common Redshank,1,1,0,0,0,0,
16.1.20,8:52 AM,162,1,Black-tailed Godwit,3,3,0,0,0,0,
16.1.20,9:17 AM,162,2,Common Redshank,4,4,0,0,0,0,
16.1.20,9:17 AM,162,2,Lesser Sand Plover,4,4,0,0,0,0,
16.1.20,9:17 AM,162,2,Black-tailed Godwit,6,6,0,0,0,0,
16.1.20,9:17 AM,162,2,Eurasian Curlew,3,3,0,0,0,0,
16.1.20,9:42 AM,162,3,Lesser Sand Plover,31,19,0,0,12,0,
16.1.20,9:42 AM,162,3,Black-tailed Godwit,17,17,0,0,0,0,
16.1.20,9:42 AM,162,3,Black-headed Ibis,3,3,0,0,0,0,
16.1.20,9:42 AM,162,3,Common Redshank,2,2,0,0,0,0,
16.1.20,10:07 AM,162,4,Black-tailed Godwit,2,2,0,0,0,0,
16.1.20,10:07 AM,162,4,Common Greenshank,1,1,0,0,0,0,
16.1.20,10:07 AM,162,4,Lesser Sand Plover,14,14,0,0,0,0,
16.1.20,10:32 AM,162,5,Terek Sandpiper,1,1,0,0,0,0,
16.1.20,10:32 AM,162,5,Lesser Sand Plover,13,10,0,0,3,0,
16.1.20,10:32 AM,162,5,Common Greenshank,2,2,0,0,0,0,
16.1.20,10:57 AM,162,6,Common Greenshank,1,0,0,1,0,0,
16.1.20,10:57 AM,162,6,Common Redshank,4,4,0,0,0,0,
16.1.20,10:57 AM,162,6,Lesser Sand Plover,7,5,0,0,2,0,
17.1.20,9:35 AM,165,1,Common Redshank,7,7,0,0,0,0,
17.1.20,9:35 AM,165,1,Black-headed Ibis,3,3,0,0,0,0,
17.1.20,9:35 AM,165,1,Eurasian Curlew,2,2,0,0,0,0,
17.1.20,9:35 AM,165,1,Black-tailed Godwit,19,19,0,0,0,0,
17.1.20,9:35 AM,165,1,Grey Plover,4,3,0,1,0,0,
17.1.20,9:35 AM,165,1,Common Greenshank,1,1,0,0,0,0,
17.1.20,9:35 AM,165,1,Pied Avocet,1,1,0,0,0,0,
17.1.20,9:35 AM,165,1,Lesser Sand Plover,60,50,0,0,10,0,
17.1.20,10:05 AM,165,2,Eurasian Curlew,3,2,0,0,1,0,
17.1.20,10:05 AM,165,2,Black-tailed Godwit,21,19,2,0,0,0,
17.1.20,10:05 AM,165,2,Bar-tailed Godwit,2,2,0,0,0,0,
17.1.20,10:05 AM,165,2,Black-headed Ibis,6,5,0,1,0,0,
17.1.20,10:05 AM,165,2,Grey Plover,2,0,1,1,0,0,
17.1.20,10:05 AM,165,2,Common Redshank,14,13,0,1,0,0,
17.1.20,10:05 AM,165,2,Common Greenshank,4,4,0,0,0,0,
17.1.20,10:05 AM,165,2,Lesser Sand Plover,65,35,0,8,22,0,spraded all of them
17.1.20,10:35 AM,165,3,Black-headed Ibis,5,5,0,0,0,0,
17.1.20,10:35 AM,165,3,Eurasian Curlew,1,0,0,0,1,0,
17.1.20,10:35 AM,165,3,Black-tailed Godwit,29,29,0,0,0,0,
17.1.20,10:35 AM,165,3,Grey Plover,1,1,0,0,0,0,
17.1.20,10:35 AM,165,3,Common Redshank,18,18,0,0,0,0,
17.1.20,10:35 AM,165,3,Common Greenshank,1,1,0,0,0,0,
17.1.20,10:35 AM,165,3,Pacific Golden-Plover,1,,0,0,1,0,
17.1.20,10:35 AM,165,3,Bar-tailed Godwit,3,3,0,0,0,0,
17.1.20,10:35 AM,165,3,Lesser Sand Plover,109,109,0,0,0,0,
17.1.20,11:05 AM,165,4,Broad-billed Sandpiper,1,1,0,0,0,0,
17.1.20,11:05 AM,165,4,Black-headed Ibis,2,2,0,0,0,0,
17.1.20,11:05 AM,165,4,Black-tailed Godwit,40,40,0,0,0,0,
17.1.20,11:05 AM,165,4,Curlew Sandpiper,5,5,0,0,0,0,
17.1.20,11:05 AM,165,4,Grey Plover,2,2,0,0,0,0,
17.1.20,11:05 AM,165,4,Whimbrel,3,1,0,0,2,0,
17.1.20,11:05 AM,165,4,Common Greenshank,1,1,0,0,0,0,
17.1.20,11:05 AM,165,4,Eurasian Curlew,1,,0,0,1,0,
17.1.20,11:05 AM,165,4,Pied Avocet,1,1,0,0,0,0,
17.1.20,11:05 AM,165,4,Bar-tailed Godwit,2,1,0,0,1,0,
17.1.20,11:05 AM,165,4,Common Redshank,1,1,0,0,0,0,
17.1.20,11:05 AM,165,4,Terek Sandpiper,1,1,0,0,0,0,
17.1.20,11:05 AM,165,4,Lesser Sand Plover,212,212,0,0,0,0,
17.1.20,11:35 AM,165,5,Bar-tailed Godwit,3,2,0,0,1,0,
17.1.20,11:35 AM,165,5,Black-headed Ibis,4,4,0,0,0,0,
17.1.20,11:35 AM,165,5,Grey Plover,4,4,0,0,0,0,
17.1.20,11:35 AM,165,5,Pied Avocet,1,1,0,0,0,0,
17.1.20,11:35 AM,165,5,Whimbrel,1,,0,0,1,0,
17.1.20,11:35 AM,165,5,Curlew Sandpiper,4,4,0,0,0,0,
17.1.20,11:35 AM,165,5,Broad-billed Sandpiper,1,1,0,0,0,0,
17.1.20,11:35 AM,165,5,Black-tailed Godwit,32,32,0,0,0,0,
17.1.20,11:35 AM,165,5,Lesser Sand Plover,232,201,0,0,31,0,
17.1.20,12:05 PM,165,6,Curlew Sandpiper,1,1,0,0,0,0,
17.1.20,12:05 PM,165,6,Grey Plover,5,1,0,1,3,0,
17.1.20,12:05 PM,165,6,Common Redshank,1,1,0,0,0,0,
17.1.20,12:05 PM,165,6,Bar-tailed Godwit,4,3,0,0,1,0,
17.1.20,12:05 PM,165,6,Eurasian Curlew,1,0,1,0,0,0,
17.1.20,12:05 PM,165,6,Black-headed Ibis,4,2,0,0,2,0,
17.1.20,12:05 PM,165,6,Black-tailed Godwit,38,38,0,0,0,0,
17.1.20,12:05 PM,165,6,Lesser Sand Plover,232,232,0,0,0,0,
18.1.20,10:05 AM,160,1,Black-headed Ibis,1,1,0,0,0,0,
18.1.20,10:05 AM,160,1,Eurasian Curlew,1,1,0,0,0,0,
18.1.20,10:05 AM,160,1,Grey Plover,31,9,0,0,22,0,
18.1.20,10:05 AM,160,1,Common Redshank,29,27,0,0,2,0,
18.1.20,10:05 AM,160,1,Bar-tailed Godwit,1,1,0,0,0,0,
18.1.20,10:05 AM,160,1,Common Greenshank,11,11,0,0,0,0,
18.1.20,10:05 AM,160,1,Pied Avocet,5,4,0,0,1,0,
18.1.20,10:05 AM,160,1,Curlew Sandpiper,15,15,0,0,0,0,
18.1.20,10:05 AM,160,1,Terek Sandpiper,2,2,0,0,0,0,
18.1.20,10:05 AM,160,1,Dunlin,2,2,0,0,0,0,
18.1.20,10:05 AM,160,1,Black-tailed Godwit,66,66,0,0,0,0,spraded across the segment
18.1.20,10:05 AM,160,1,Lesser Sand Plover,291,229,47,0,15,0,
18.1.20,10:35 AM,160,2,Common Redshank,54,54,0,0,0,0,
18.1.20,10:35 AM,160,2,Common Greenshank,5,5,0,0,0,0,
18.1.20,10:35 AM,160,2,Asian Dowitcher,1,0,1,0,0,0,
18.1.20,10:35 AM,160,2,Pied Avocet,3,3,0,0,0,0,
18.1.20,10:35 AM,160,2,Black-tailed Godwit,68,68,0,0,0,0,
18.1.20,11:05 AM,160,3,Eurasian Curlew,1,1,0,0,0,0,
18.1.20,11:05 AM,160,3,Common Greenshank,3,3,0,0,0,0,
18.1.20,11:05 AM,160,3,Common Redshank,38,38,0,0,0,0,
18.1.20,11:05 AM,160,3,Black-tailed Godwit,19,19,0,0,0,0,
18.1.20,11:35 AM,160,4,Black-headed Ibis,2,2,0,0,0,0,
18.1.20,11:35 AM,160,4,Common Greenshank,3,2,0,1,0,0,
18.1.20,11:35 AM,160,4,Pied Avocet,1,0,1,0,0,0,
18.1.20,11:35 AM,160,4,Black-tailed Godwit,91,77,0,0,14,0,
18.1.20,11:35 AM,160,4,Asian Dowitcher,1,1,0,0,0,0,
18.1.20,11:35 AM,160,4,Lesser Sand Plover,2,2,0,0,0,0,
18.1.20,12:05 PM,160,5,Eurasian Curlew,1,1,0,0,0,0,
18.1.20,12:05 PM,160,5,Black-headed Ibis,3,3,0,0,0,0,
18.1.20,12:05 PM,160,5,Common Greenshank,3,3,0,0,0,0,
18.1.20,12:35 PM,160,5,Black-tailed Godwit,11,11,0,0,0,0,
18.1.20,12:35 PM,160,6,Black-headed Ibis,1,1,0,0,0,0,
19.1.20 ,11:30 AM,150,1,Common Greenshank,3,0,0,0,3,0,
19.1.20 ,11:30 AM,150,1,Common Redshank,5,1,0,0,4,0,
19.1.20 ,11:30 AM,150,1,Lesser Sand Plover,1,0,0,1,0,0,
19.1.20 ,11:30 AM,150,1,Eurasian Curlew,39,5,0,34,0,0,
19.1.20 ,11:30 AM,150,1,Black-headed Ibis,4,0,0,0,4,0,
19.1.20 ,12:00 PM,150,2,Eurasian Curlew,35,20,0,10,5,0,
19.1.20 ,12:30 PM,150,3,Eurasian Curlew,8,3,0,2,3,0,
19.1.20 ,1:00 PM,150,4,Eurasian Curlew,22,13,2,0,7,0,
19.1.20 ,1:00 PM,150,4,Black-headed Ibis,1,0,1,0,0,0,
19.1.20 ,1:00 PM,150,4,Little Stint,1,0,0,0,1,0,
19.1.20 ,1:30 PM,150,5,Eurasian Curlew,7,7,0,0,0,0,
19.1.20 ,1:30 PM,150,5,Whimbrel,1,1,0,0,0,0,
19.1.20 ,2:00 PM,150,6,Eurasian Curlew,8,3,0,3,2,0,
20.1.20,12:50 PM,117,1,Black-headed Ibis,1,1,0,0,0,0,
20.1.20,12:50 PM,117,1,Pied Avocet,46,46,0,0,0,0,
20.1.20,12:50 PM,117,1,Common Redshank,8,8,0,0,0,0,
20.1.20,12:50 PM,117,1,Black-tailed Godwit,202,8,0,0,194,0,some of them were spraded and some of them were in a cluster of groups
20.1.20,12:50 PM,117,1,Common Greenshank,2,0,0,1,1,0,
20.1.20,12:50 PM,117,1,Lesser Sand Plover,552,552,0,0,0,0,spraded across the segment
20.1.20,12:50 PM,117,1,Curlew Sandpiper,4,4,0,0,0,0,
20.1.20,1:20 PM,117,2,Black-headed Ibis,2,2,0,0,0,0,disturbed by the brahminy kite
20.1.20,1:20 PM,117,2,Pied Avocet,58,47,0,0,11,0,
20.1.20,1:20 PM,117,2,Common Redshank,6,6,0,0,0,0,
20.1.20,1:20 PM,117,2,Curlew Sandpiper,2,2,0,0,0,0,
20.1.20,1:20 PM,117,2,Black-tailed Godwit,86,9,0,0,77,0,
20.1.20,1:20 PM,117,2,Kentish Plover,1,1,0,0,0,0,
20.1.20,1:20 PM,117,2,Common Greenshank,1,1,0,0,0,0,
20.1.20,1:20 PM,117,2,Grey Plover,1,1,0,0,0,0,
20.1.20,1:20 PM,117,2,Eurasian Curlew,1,1,0,0,0,0,
20.1.20,1:20 PM,117,2,Lesser Sand Plover,221,221,0,0,0,0,
20.1.20,1:50 PM,117,3,Black-headed Ibis,2,1,1,0,0,0,
20.1.20,1:50 PM,117,3,Pied Avocet,25,10,2,0,13,0,
20.1.20,1:50 PM,117,3,Curlew Sandpiper,1,1,0,0,0,0,
20.1.20,1:50 PM,117,3,Black-tailed Godwit,18,18,0,0,0,0,
20.1.20,1:50 PM,117,3,Common Redshank,13,13,0,0,0,0,
20.1.20,1:50 PM,117,3,Common Greenshank,2,2,0,0,0,0,
20.1.20,1:50 PM,117,3,Eurasian Curlew,1,1,0,0,0,0,
20.1.20,1:50 PM,117,3,Lesser Sand Plover,153,153,0,0,0,0,
20.1.20,1:50 PM,117,3,Little Stint,1,1,0,0,0,0,
20.1.20,2:20 PM,117,4,Curlew Sandpiper,1,1,0,0,0,0,
20.1.20,2:20 PM,117,4,Grey Plover,2,,0,0,2,0,
20.1.20,2:20 PM,117,4,Black-tailed Godwit,46,1,0,0,45,0,
20.1.20,2:20 PM,117,4,Pied Avocet,14,11,0,0,3,0,
20.1.20,2:20 PM,117,4,Black-headed Ibis,1,1,0,0,0,0,
20.1.20,2:20 PM,117,4,Common Redshank,23,23,0,0,0,0,
20.1.20,2:20 PM,117,4,Common Greenshank,2,2,0,0,0,0,
20.1.20,2:20 PM,117,4,Lesser Sand Plover,68,68,0,0,0,0,
20.1.20,2:20 PM,117,4,Little Stint,2,2,0,0,0,0,
20.1.20,2:50 PM,117,5,Black-headed Ibis,3,2,1,0,0,0,disturbed by boat sound
20.1.20,2:50 PM,117,5,Curlew Sandpiper,1,1,0,0,0,0,
20.1.20,2:50 PM,117,5,Grey Plover,2,0,0,0,2,0,
20.1.20,2:50 PM,117,5,Black-tailed Godwit,49,38,4,0,7,0,
20.1.20,2:50 PM,117,5,Common Redshank,17,17,0,0,0,0,
20.1.20,2:50 PM,117,5,Common Greenshank,2,2,0,0,0,0,
20.1.20,2:50 PM,117,5,Lesser Sand Plover,176,176,0,0,0,0,
20.1.20,2:50 PM,117,5,Pied Avocet,13,11,0,0,2,0,
20.1.20,2:50 PM,117,5,Little Stint,1,1,0,0,0,0,
20.1.20,3:20 PM,117,6,Black-tailed Godwit,42,27,2,7,6,0,disturbed by brahminy
20.1.20,3:20 PM,117,6,Common Greenshank,1,1,0,0,0,0,
20.1.20,3:20 PM,117,6,Lesser Sand Plover,65,65,0,0,0,0,
20.1.20,3:20 PM,117,6,Common Redshank,21,17,0,0,4,0,
20.1.20,3:20 PM,117,6,Black-headed Ibis,1,1,0,0,0,0,
20.1.20,3:20 PM,117,6,Grey Plover,1,,0,0,1,0,
20.1.20,3:20 PM,117,6,Curlew Sandpiper,1,1,0,0,0,0,
20.1.20,3:20 PM,117,6,Eurasian Curlew,1,1,0,0,0,0,
28.1.20,8:10 AM,7,1,Common Redshank,13,9,4,0,0,0,
28.1.20,8:40 AM,7,2,Common Redshank,15,15,0,0,0,0,
28.1.20,9:10 AM,7,3,Black-tailed Godwit,95,93,0,0,2,0,spraded in the segment
28.1.20,9:10 AM,7,3,Common Redshank,18,18,0,0,0,0,
28.1.20,9:40 AM,7,4,Black-tailed Godwit,61,58,0,0,3,0,
28.1.20,9:40 AM,7,4,Common Redshank,18,18,0,0,0,0,
28.1.20,10:00 AM,7,5,Common Redshank,7,7,0,0,0,0,
28.1.20,10:00 AM,7,5,Black-tailed Godwit,1,1,0,0,0,0,
28.1.20,10:30 AM,7,6,Common Redshank,9,9,0,0,0,0,
29.1.20,8:40 AM,23,1,0,0,0,0,0,0,0,
29.1.20,9:10 AM,23,2,Eurasian Curlew,1,1,0,0,0,0,
29.1.20,9:40 AM,23,3,Eurasian Curlew,1,1,0,0,0,0,
29.1.20,9:40 AM,23,3,Common Redshank,6,6,0,0,0,0,
29.1.20,10:10 AM,23,4,Common Redshank,3,2,0,1,0,0,
29.1.20,10:10 AM,23,4,Grey Plover,1,0,0,1,0,0,
29.1.20,10:10 AM,23,4,Eurasian Curlew,1,0,1,0,0,0,
29.1.20,10:40 AM,23,5,Whimbrel,1,0,1,0,0,0,
29.1.20,10:40 AM,23,5,Eurasian Curlew,2,1,0,1,0,0,
29.1.20,11:10 AM,23,6,Common Redshank,5,5,0,0,0,0,
29.1.20,11:10 AM,23,6,Eurasian Curlew,1,1,0,0,0,0,
29.1.20,11:10 AM,23,6,Lesser Sand Plover,1,1,0,0,0,0,
30.1.20,9:30 AM,158,1,Whimbrel,1,0,1,0,0,0,Skimmer 1800+
30.1.20,9:30 AM,158,1,Black-tailed Godwit,10,6,4,0,0,0,
30.1.20,9:30 AM,158,1,Common Redshank,13,13,0,0,0,0,
30.1.20,9:30 AM,158,1,Grey Plover,1,0,0,0,1,0,
30.1.20,9:30 AM,158,1,Pied Avocet,3,3,0,0,0,0,
30.1.20,9:30 AM,158,1,Dunlin,5,5,0,0,0,0,
30.1.20,9:30 AM,158,1,Bar-tailed Godwit,4,4,0,0,0,0,
30.1.20,9:30 AM,158,1,Broad-billed Sandpiper,4,4,0,0,0,0,
30.1.20,9:30 AM,158,1,Lesser Sand Plover,71,71,0,0,0,0,
30.1.20,9:50 AM,158,2,Black-tailed Godwit,14,14,0,0,0,0,
30.1.20,9:50 AM,158,2,Grey Plover,1,1,0,0,0,0,
30.1.20,9:50 AM,158,2,Common Redshank,6,6,0,0,0,0,
30.1.20,9:50 AM,158,2,Pied Avocet,5,5,0,0,0,0,
30.1.20,9:50 AM,158,2,Bar-tailed Godwit,4,4,0,0,0,0,
30.1.20,9:50 AM,158,2,Terek Sandpiper,1,1,0,0,0,0,
30.1.20,9:50 AM,158,2,Broad-billed Sandpiper,5,5,0,0,0,0,
30.1.20,9:50 AM,158,2,Curlew Sandpiper,1,1,0,0,0,0,
30.1.20,9:50 AM,158,2,Dunlin,2,2,0,0,0,0,
30.1.20,9:50 AM,158,2,Lesser Sand Plover,70,70,0,0,0,0,
30.1.20,10:10 AM,158,3,Common Greenshank,1,1,0,0,0,0,
30.1.20,10:10 AM,158,3,Common Redshank,6,6,0,0,0,0,
30.1.20,10:10 AM,158,3,Black-tailed Godwit,14,5,9,0,0,0,
30.1.20,10:10 AM,158,3,Pied Avocet,9,2,7,0,0,0,
30.1.20,10:10 AM,158,3,Broad-billed Sandpiper,2,2,0,0,0,0,
30.1.20,10:10 AM,158,3,Dunlin,2,2,0,0,0,0,
30.1.20,10:10 AM,158,3,Grey Plover,3,2,0,0,1,0,
30.1.20,10:10 AM,158,3,Curlew Sandpiper,3,3,0,0,0,0,
30.1.20,10:10 AM,158,3,Bar-tailed Godwit,2,2,0,0,0,0,
30.1.20,10:10 AM,158,3,Lesser Sand Plover,2300,2300,0,0,0,0,
30.1.20,10:30 AM,158,4,Common Greenshank,2,2,0,0,0,0,
30.1.20,10:30 AM,158,4,Grey Plover,4,0,0,0,4,0,
30.1.20,10:30 AM,158,4,Black-tailed Godwit,8,0,0,0,8,0,
30.1.20,10:30 AM,158,4,Bar-tailed Godwit,4,1,3,0,0,0,
30.1.20,10:30 AM,158,4,Dunlin,1,1,0,0,0,0,
30.1.20,10:30 AM,158,4,Broad-billed Sandpiper,2,2,0,0,0,0,
30.1.20,10:30 AM,158,4,Curlew Sandpiper,1,1,0,0,0,0,
30.1.20,10:30 AM,158,4,Common Redshank,6,4,2,0,0,0,
30.1.20,10:30 AM,158,4,Lesser Sand Plover,1700,1700,0,0,0,0,
30.1.20,10:50 AM,158,5,Lesser Sand Plover,400,400,0,0,0,0,
30.1.20,10:50 AM,158,5,Common Redshank,1,1,0,0,0,0,
30.1.20,10:50 AM,158,5,Black-tailed Godwit,8,4,0,0,4,0,
30.1.20,10:50 AM,158,5,Grey Plover,4,1,0,0,3,0,
30.1.20,10:50 AM,158,5,Common Greenshank,1,1,0,0,0,0,
30.1.20,10:50 AM,158,5,Bar-tailed Godwit,1,,0,0,1,0,
30.1.20,10:50 AM,158,5,Curlew Sandpiper,2,2,0,0,0,0,
30.1.20,10:50 AM,158,5,Broad-billed Sandpiper,2,2,0,0,0,0,
30.1.20,11:10 AM,158,6,Bar-tailed Godwit,2,2,0,0,0,0,
30.1.20,11:10 AM,158,6,Whimbrel,3,0,0,0,3,0,
30.1.20,11:10 AM,158,6,Black-tailed Godwit,4,4,0,0,0,0,
30.1.20,11:10 AM,158,6,Grey Plover,5,0,3,1,1,0,
30.1.20,11:10 AM,158,6,Curlew Sandpiper,3,3,0,0,0,0,
30.1.20,11:10 AM,158,6,Lesser Sand Plover,100,100,0,0,0,0,
31.1.20,9:30 AM,30,1,Lesser Sand Plover,80,80,0,0,0,0,
31.1.20,9:30 AM,30,1,Black-tailed Godwit,7,7,0,0,0,0,
31.1.20,9:30 AM,30,1,Curlew Sandpiper,10,10,0,0,0,0,
31.1.20,9:30 AM,30,1,Common Greenshank,1,1,0,0,0,0,
31.1.20,9:30 AM,30,1,Grey Plover,1,1,0,0,0,0,
31.1.20,9:30 AM,30,1,Broad-billed Sandpiper,4,4,0,0,0,0,
31.1.20,9:30 AM,30,1,Great Knot,2,2,0,0,0,0,
31.1.20,9:30 AM,30,1,Black-headed Ibis,4,4,0,0,0,0,
31.1.20,9:30 AM,30,1,Whimbrel,1,0,1,0,0,0,
31.1.20,9:30 AM,30,1,Common Redshank,3,3,0,0,0,0,
31.1.20,9:55 AM,30,2,Lesser Sand Plover,80,80,0,0,0,0,
31.1.20,9:55 AM,30,2,Black-tailed Godwit,7,7,0,0,0,0,
31.1.20,9:55 AM,30,2,Curlew Sandpiper,10,10,0,0,0,0,
31.1.20,9:55 AM,30,2,Common Greenshank,1,1,0,0,0,0,
31.1.20,9:55 AM,30,2,Grey Plover,1,1,0,0,0,0,
31.1.20,9:55 AM,30,2,Broad-billed Sandpiper,4,4,0,0,0,0,
31.1.20,9:55 AM,30,2,Great Knot,3,3,0,0,0,0,
31.1.20,9:55 AM,30,2,Black-headed Ibis,4,4,0,0,0,0,
31.1.20,9:55 AM,30,2,Whimbrel,1,0,1,0,0,0,
31.1.20,9:55 AM,30,2,Common Redshank,3,3,0,0,0,0,
31.1.20,10:20 AM,30,3,Pied Avocet,1,1,0,0,0,0,
31.1.20,10:20 AM,30,3,Black-tailed Godwit,10,10,0,0,0,0,
31.1.20,10:20 AM,30,3,Common Redshank,9,9,0,0,0,0,
31.1.20,10:20 AM,30,3,Whimbrel,1,,0,0,1,0,
31.1.20,10:20 AM,30,3,Lesser Sand Plover,40,40,0,0,0,0,
31.1.20,10:20 AM,30,3,Common Greenshank,2,2,0,0,0,0,
31.1.20,10:20 AM,30,3,Broad-billed Sandpiper,1,1,0,0,0,0,
31.1.20,10:20 AM,30,3,Grey Plover,1,1,0,0,0,0,
31.1.20,10:45 AM,30,4,Pied Avocet,1,1,0,0,0,0,
31.1.20,10:45 AM,30,4,Black-tailed Godwit,29,29,0,0,0,0,
31.1.20,10:45 AM,30,4,Black-headed Ibis,2,2,0,0,0,0,
31.1.20,10:45 AM,30,4,Common Greenshank,1,1,0,0,0,0,
31.1.20,10:45 AM,30,4,Whimbrel,1,1,0,0,0,0,
31.1.20,10:45 AM,30,4,Lesser Sand Plover,25,25,0,0,0,0,
31.1.20,11:10 AM,30,5,Black-tailed Godwit,12,12,0,0,0,0,
31.1.20,11:10 AM,30,5,Common Greenshank,2,2,0,0,0,0,
31.1.20,11:10 AM,30,5,Common Redshank,8,8,0,0,0,0,
31.1.20,11:10 AM,30,5,Lesser Sand Plover,18,18,0,0,0,0,
31.1.20,11:10 AM,30,5,Grey Plover,1,1,0,0,0,0,
31.1.20,11:10 AM,30,5,Pied Avocet,1,1,0,0,0,0,
31.1.20,11:35 AM,30,6,Black-tailed Godwit,19,19,0,0,0,0,
31.1.20,11:35 AM,30,6,Lesser Sand Plover,22,22,0,0,0,0,
31.1.20,11:35 AM,30,6,Curlew Sandpiper,1,1,0,0,0,0,
31.1.20,11:35 AM,30,6,Pied Avocet,1,1,0,0,0,0,
31.1.20,11:35 AM,30,6,Grey Plover,1,1,0,0,0,0,
31.1.20,11:35 AM,30,6,Common Redshank,3,3,0,0,0,0,
1.2.20,10:10 AM,124,1,Eurasian Curlew,12,0,3,0,9,0,
1.2.20,10:10 AM,124,1,Black-headed Ibis,1,0,1,0,0,0,
1.2.20,10:30 AM,124,2,Eurasian Curlew,12,0,2,0,10,0,
1.2.20,10:30 AM,124,2,Pied Avocet,1,1,0,0,0,0,
1.2.20,10:30 AM,124,2,Black-headed Ibis,3,3,0,0,0,0,
1.2.20,10:50 AM,124,3,Common Redshank,1,0,0,1,0,0,
1.2.20,10:50 AM,124,3,Black-headed Ibis,3,3,0,0,0,0,
1.2.20,11:10 AM,124,4,Black-headed Ibis,3,3,0,0,0,0,
1.2.20,11:30 AM,124,5,Black-headed Ibis,2,2,0,0,0,0,
1.2.20,11:50 AM,124,6,0,0,0,0,0,0,0,
2.2.20,10:30 AM,122,1,Spoon-billed Sandpiper,2,2,0,0,0,0,"6 fishermen, 1 brahminy"
2.2.20,10:30 AM,122,1,Dunlin,2,2,0,0,0,0,
2.2.20,10:30 AM,122,1,Curlew Sandpiper,4,4,0,0,0,0,
2.2.20,10:30 AM,122,1,Little Stint,19,19,0,0,0,0,
2.2.20,10:30 AM,122,1,Broad-billed Sandpiper,6,6,0,0,0,0,
2.2.20,10:30 AM,122,1,Common Redshank,12,12,0,0,0,0,
2.2.20,10:30 AM,122,1,Sanderling,3,3,0,0,0,0,
2.2.20,10:30 AM,122,1,Temminck's Stint,2,2,0,0,0,0,
2.2.20,10:30 AM,122,1,Terek Sandpiper,2,2,0,0,0,0,
2.2.20,10:30 AM,122,1,Common Greenshank,1,1,0,0,0,0,
2.2.20,10:30 AM,122,1,Lesser Sand Plover,150,150,0,0,0,0,
2.2.20,10:55 AM,122,2,Broad-billed Sandpiper,8,8,0,0,0,0,
2.2.20,10:55 AM,122,2,Common Redshank,6,6,0,0,0,0,
2.2.20,10:55 AM,122,2,Curlew Sandpiper,2,2,0,0,0,0,
2.2.20,10:55 AM,122,2,Little Stint,9,9,0,0,0,0,
2.2.20,10:55 AM,122,2,Lesser Sand Plover,150,150,0,0,0,0,
2.2.20,11:20 AM,122,3,Ruddy Turnstone,3,3,0,0,0,0,
2.2.20,11:20 AM,122,3,Little Stint,10,8,2,0,0,0,
2.2.20,11:20 AM,122,3,Curlew Sandpiper,9,9,0,0,0,0,
2.2.20,11:20 AM,122,3,Lesser Sand Plover,80,80,0,0,0,0,
2.2.20,11:20 AM,122,3,Broad-billed Sandpiper,6,6,0,0,0,0,
2.2.20,11:20 AM,122,3,Common Greenshank,1,1,0,0,0,0,
2.2.20,11:20 AM,122,3,Common Redshank,2,2,0,0,0,0,
2.2.20,11:45 AM,122,4,Little Stint,9,7,2,0,0,0,
2.2.20,11:45 AM,122,4,Broad-billed Sandpiper,3,3,0,0,0,0,
2.2.20,11:45 AM,122,4,Curlew Sandpiper,3,3,0,0,0,0,
2.2.20,11:45 AM,122,4,Common Redshank,3,3,0,0,0,0,
2.2.20,11:45 AM,122,4,Terek Sandpiper,1,1,0,0,0,0,
2.2.20,11:45 AM,122,4,Lesser Sand Plover,352,352,0,0,0,0,
2.2.20,12:10 PM,122,5,Little Stint,34,27,0,0,7,0,
2.2.20,12:10 PM,122,5,Curlew Sandpiper,3,3,0,0,0,0,
2.2.20,12:10 PM,122,5,Terek Sandpiper,1,1,0,0,0,0,
2.2.20,12:10 PM,122,5,Common Redshank,2,2,0,0,0,0,
2.2.20,12:10 PM,122,5,Lesser Sand Plover,281,281,0,0,0,0,
2.2.20,12:10 PM,122,5,Broad-billed Sandpiper,1,1,0,0,0,0,
2.2.20,12:35 PM,122,6,Common Redshank,3,3,0,0,0,0,
2.2.20,12:35 PM,122,6,Little Stint,2,2,0,0,0,0,
2.2.20,12:35 PM,122,6,Lesser Sand Plover,78,78,0,0,0,0,
3.2.20,10:45 AM,121,1,Lesser Sand Plover,1,,0,0,1,0,
3.2.20,10:45 AM,121,1,Common Redshank,1,1,0,0,0,0,
3.2.20,11:15 AM,121,2,Common Redshank,12,12,0,0,0,0,
3.2.20,11:15 AM,121,2,Lesser Sand Plover,17,16,0,1,0,0,
3.2.20,11:15 AM,121,2,Curlew Sandpiper,2,2,0,0,0,0,
3.2.20,11:15 AM,121,2,Little Stint,3,3,0,0,0,0,
3.2.20,11:45 AM,121,3,Common Redshank,18,18,0,0,0,0,
3.2.20,11:45 AM,121,3,Lesser Sand Plover,52,44,0,0,8,0,
3.2.20,11:45 AM,121,3,Little Stint,18,18,0,0,0,0,
3.2.20,11:45 AM,121,3,Common Greenshank,2,2,0,0,0,0,
3.2.20,11:45 AM,121,3,Dunlin,1,1,0,0,0,0,
3.2.20,11:45 AM,121,3,Curlew Sandpiper,3,3,0,0,0,0,
3.2.20,11:45 AM,121,3,Spoon-billed Sandpiper,1,1,0,0,0,0,
3.2.20,12:15 PM,121,4,0,0,,0,0,0,0,Disturbed by Brahminy 
3.2.20,12:45 PM,121,5,Nordmann's Greenshank/,1,1,0,0,0,0,
3.2.20,1:15 PM,121,6,Common Redshank,2,1,0,0,1,0,
4.2.20,11:15 AM,119,1,Black-tailed Godwit,6,6,0,0,0,0,
4.2.20,11:15 AM,119,1,Common Greenshank,4,,0,0,4,0,
4.2.20,11:15 AM,119,1,Common Redshank,13,12,0,0,1,0,
4.2.20,11:15 AM,119,1,Temminck's Stint,2,2,0,0,0,0,"flew all of them, gulls and brahminy ans spotted eagles"
4.2.20,11:45 AM,119,2,Black-tailed Godwit,7,7,0,0,0,0,
4.2.20,11:45 AM,119,2,Common Greenshank,3,3,0,0,0,0,
4.2.20,11:45 AM,119,2,Common Redshank,14,14,0,0,0,0,
4.2.20,11:45 AM,119,2,Eurasian Curlew,3,0,1,0,2,0,
4.2.20,11:45 AM,119,2,Lesser Sand Plover,8,8,0,0,0,0,
4.2.20,12:15 AM,119,3,Common Redshank,3,3,0,0,0,0,
4.2.20,12:15 AM,119,3,Common Greenshank,1,1,0,0,0,0,
4.2.20,12:45 PM,119,4,Common Redshank,8,6,0,0,2,0,
4.2.20,12:45 PM,119,4,Common Greenshank,1,0,0,0,1,0,
4.2.20,12:45 PM,119,4,Little Stint,1,0,0,0,1,0,
4.2.20,1:15 PM,119,5,Common Redshank,6,6,0,0,0,0,
4.2.20,1:45 PM,119,6,Curlew Sandpiper,7,3,0,0,4,0,
4.2.20,1:45 PM,119,6,Broad-billed Sandpiper,12,7,0,0,5,0,
4.2.20,1:45 PM,119,6,Little Stint,21,7,0,0,14,0,
4.2.20,1:45 PM,119,6,Dunlin,1,0,0,0,1,0,
4.2.20,1:45 PM,119,6,Common Redshank,3,3,0,0,0,0,
4.2.20,1:45 PM,119,6,Lesser Sand Plover,513,513,0,0,0,0,
5.2.20,12:30 PM,118,1,Common Redshank,21,21,0,0,0,0,"2 brahminy hovering, 300+ flock of gulls"
5.2.20,12:30 PM,118,1,Black-headed Ibis,2,2,0,0,0,0,
5.2.20,12:30 PM,118,1,Pied Avocet,2,2,0,0,0,0,
5.2.20,12:30 PM,118,1,Common Greenshank,4,,0,0,4,0,
5.2.20,12:30 PM,118,1,Lesser Sand Plover,2,2,0,0,0,0,
5.2.20,1:00 PM,118,2,Common Redshank,28,28,0,0,0,0,
5.2.20,1:00 PM,118,2,Black-tailed Godwit,2,0,2,0,0,0,
5.2.20,1:30 PM,118,3,Little Ringed Plover,1,1,0,0,0,0,
5.2.20,1:30 PM,118,3,Common Redshank,23,20,3,0,0,0,
5.2.20,1:30 PM,118,3,Black-tailed Godwit,7,7,0,0,0,0,
5.2.20,1:30 PM,118,3,Little Stint,2,2,0,0,0,0,
5.2.20,1:30 PM,118,3,Common Greenshank,2,2,0,0,0,0,
5.2.20,1:30 PM,118,3,Black-headed Ibis,6,6,0,0,0,0,
5.2.20,1:30 PM,118,3,Pied Avocet,1,1,0,0,0,0,
5.2.20,2:00 PM,118,4,Black-tailed Godwit,8,8,0,0,0,0,
5.2.20,2:00 PM,118,4,Black-headed Ibis,6,6,0,0,0,0,
5.2.20,2:00 PM,118,4,Common Greenshank,1,1,0,0,0,0,
5.2.20,2:00 PM,118,4,Common Redshank,19,19,0,0,0,0,
5.2.20,2:00 PM,118,4,Lesser Sand Plover,2,2,0,0,0,0,
5.2.20,2:00 PM,118,4,Pied Avocet,1,0,0,0,1,0,
5.2.20,2:30 PM,118,5,Temminck's Stint,1,1,0,0,0,0,
5.2.20,2:30 PM,118,5,Little Stint,3,3,0,0,0,0,
5.2.20,2:30 PM,118,5,Common Redshank,12,11,0,0,1,0,
5.2.20,2:30 PM,118,5,Common Greenshank,2,1,0,0,1,0,
5.2.20,2:30 PM,118,5,Black-tailed Godwit,10,6,0,0,4,0,
5.2.20,2:30 PM,118,5,Black-headed Ibis,4,4,0,0,0,0,
5.2.20,2:30 PM,118,5,Lesser Sand Plover,20,20,0,0,0,0,
5.2.20,3:00 PM,118,6,Black-tailed Godwit,14,14,0,0,0,0,
5.2.20,3:00 PM,118,6,Black-headed Ibis,4,4,0,0,0,0,
5.2.20,3:00 PM,118,6,Lesser Sand Plover,14,14,0,0,0,0,
5.2.20,3:00 PM,118,6,Common Redshank,19,19,0,0,0,0,
5.2.20,3:00 PM,118,6,Common Greenshank,1,1,0,0,0,0,
5.2.20,3:00 PM,118,6,Little Stint,1,1,0,0,0,0,
5.2.20,3:00 PM,118,6,Pied Avocet,1,1,0,0,0,0,
11.2.20,7:50 AM,12,1,Eurasian Curlew,2,2,0,0,0,0,
11.2.20,7:50 AM,12,1,Common Redshank,1,1,0,0,0,0,
11.2.20,7:50 AM,12,1,Pacific Golden-Plover,15,0,0,0,15,0,
11.2.20,8:10 AM,12,2,Eurasian Curlew,3,3,0,0,0,0,
11.2.20,8:10 AM,12,2,Pacific Golden-Plover,4,0,0,0,4,0,
11.2.20,8:10 AM,12,2,Black-headed Ibis,1,1,0,0,0,0,
11.2.20,8:30 AM,12,3,Eurasian Curlew,3,2,0,0,1,0,
11.2.20,8:30 AM,12,3,Common Redshank,3,3,0,0,0,0,
11.2.20,8:30 AM,12,3,Black-headed Ibis,3,3,0,0,0,0,
11.2.20,8:30 AM,12,3,Pacific Golden-Plover,31,5,3,0,23,0,
11.2.20,8:50 AM,12,4,Eurasian Curlew,3,3,0,0,0,0,
11.2.20,8:50 AM,12,4,Common Redshank,2,2,0,0,0,0,
11.2.20,8:50 AM,12,4,Black-headed Ibis,2,2,0,0,0,0,
11.2.20,8:50 AM,12,4,Black-tailed Godwit,1,1,0,0,0,0,
11.2.20,8:50 AM,12,4,Pacific Golden-Plover,18,6,7,0,5,0,
11.2.20,9:10 AM,12,5,Eurasian Curlew,4,3,1,0,0,0,
11.2.20,9:30 AM,12,6,Black-headed Ibis,3,3,0,0,0,0,
11.2.20,9:30 AM,12,6,Eurasian Curlew,3,3,0,0,0,0,
12.2.20,7:35 AM,14,1,0,0,0,0,0,0,0,7 Fishermen
12.2.20,8:00 AM,14,2,Common Redshank,1,1,0,0,0,0,7 Fishermen
12.2.20,8:00 AM,14,2,Eurasian Curlew,1,1,0,0,0,0,
12.2.20,8:25 AM,14,3,Common Redshank,1,1,0,0,0,0,7 Fishermen
12.2.20,8:25 AM,14,3,Eurasian Curlew,1,1,0,0,0,0,
12.2.20,8:50 AM,14,4,Common Redshank,2,2,0,0,0,0,
12.2.20,8:50 AM,14,4,Eurasian Curlew,5,5,0,0,0,0,"7 Fishermen, Brahminy hovering over"
12.2.20,8:50 AM,14,4,Kentish Plover,8,8,0,0,0,0,
12.2.20,9:15 AM,14,5,Lesser Sand Plover,1,0,1,0,0,0,"7 Fishermen, Brahminy hovering over"
12.2.20,9:15 AM,14,5,Eurasian Curlew,2,2,0,0,0,0,
12.2.20,9:15 AM,14,5,Kentish Plover,6,5,0,0,1,0,
12.2.20,9:40 AM,14,6,Lesser Sand Plover,2,2,0,0,0,0,
12.2.20,9:40 AM,14,6,Kentish Plover,2,2,0,0,0,0,
12.2.20,9:40 AM,14,6,Eurasian Curlew,2,2,0,0,0,0,
12.2.20,9:40 AM,14,6,Common Redshank,3,3,0,0,0,0,
12.2.20,9:40 AM,14,6,Grey Plover,1,1,0,0,0,0,
13.2.20,9:20 AM,156,1,Bar-tailed Godwit,7,7,0,0,0,0,
13.2.20,9:20 AM,156,1,Curlew Sandpiper,1,1,0,0,0,0,
13.2.20,9:20 AM,156,1,Black-tailed Godwit,6,6,0,0,0,0,
13.2.20,9:20 AM,156,1,Lesser Sand Plover,35,35,0,0,0,0,
13.2.20,9:20 AM,156,1,Great Knot,1,1,0,0,0,0,
13.2.20,9:20 AM,156,1,Eurasian Curlew,1,1,0,0,0,0,
13.2.20,9:20 AM,156,1,Grey Plover,40,0,0,0,40,0,
13.2.20,9:20 AM,156,1,Whimbrel,1,0,0,0,1,0,
13.2.20,9:40 AM,156,2,Bar-tailed Godwit,7,7,0,0,0,0,
13.2.20,9:40 AM,156,2,Curlew Sandpiper,1,1,0,0,0,0,
13.2.20,9:40 AM,156,2,Black-tailed Godwit,6,6,0,0,0,0,
13.2.20,9:40 AM,156,2,Lesser Sand Plover,35,35,0,0,0,0,
13.2.20,9:40 AM,156,2,Eurasian Curlew,1,1,0,0,0,0,
13.2.20,9:40 AM,156,2,Grey Plover,40,0,8,0,32,0,
13.2.20,9:40 AM,156,2,Whimbrel,1,1,0,0,0,0,
13.2.20,10:00 AM,156,3,Bar-tailed Godwit,7,7,0,0,0,0,
13.2.20,10:00 AM,156,3,Curlew Sandpiper,1,1,0,0,0,0,
13.2.20,10:00 AM,156,3,Black-tailed Godwit,6,6,0,0,0,0,
13.2.20,10:00 AM,156,3,Lesser Sand Plover,53,53,0,0,0,0,
13.2.20,10:00 AM,156,3,Eurasian Curlew,1,1,0,0,0,0,
13.2.20,10:00 AM,156,3,Grey Plover,40,40,0,0,0,0,
13.2.20,10:00 AM,156,3,Whimbrel,1,1,0,0,0,0,
13.2.20,10:00 AM,156,3,Broad-billed Sandpiper,1,1,0,0,0,0,
13.2.20,10:20 AM,156,4,Bar-tailed Godwit,8,8,0,0,0,0,
13.2.20,10:20 AM,156,4,Black-tailed Godwit,6,6,0,0,0,0,
13.2.20,10:20 AM,156,4,Eurasian Curlew,3,3,0,0,0,0,
13.2.20,10:20 AM,156,4,Whimbrel,1,1,0,0,0,0,
13.2.20,10:20 AM,156,4,Lesser Sand Plover,55,55,0,0,0,0,
13.2.20,10:20 AM,156,4,Sanderling,1,1,0,0,0,0,
13.2.20,10:20 AM,156,4,Curlew Sandpiper,4,4,0,0,0,0,
13.2.20,10:20 AM,156,4,Broad-billed Sandpiper,1,1,0,0,0,0,
13.2.20,10:20 AM,156,4,Grey Plover,40,0,8,0,32,0,
13.2.20,10:40 AM,156,5,Little Stint,2,2,0,0,0,0,
13.2.20,10:40 AM,156,5,Bar-tailed Godwit,8,8,0,0,0,0,
13.2.20,10:40 AM,156,5,Black-tailed Godwit,6,6,0,0,0,0,
13.2.20,10:40 AM,156,5,Eurasian Curlew,2,2,0,0,0,0,
13.2.20,10:40 AM,156,5,Lesser Sand Plover,67,61,0,6,0,0,
13.2.20,10:40 AM,156,5,Sanderling,1,1,0,0,0,0,
13.2.20,10:40 AM,156,5,Grey Plover,15,0,0,0,15,0,
13.2.20,11:00 AM,156,6,Great Knot,18,18,0,0,0,0,
13.2.20,11:00 AM,156,6,Little Stint,2,2,0,0,0,0,
13.2.20,11:00 AM,156,6,Bar-tailed Godwit,8,8,0,0,0,0,
13.2.20,11:00 AM,156,6,Black-tailed Godwit,6,6,0,0,0,0,
13.2.20,11:00 AM,156,6,Eurasian Curlew,2,2,0,0,0,0,
13.2.20,11:00 AM,156,6,Lesser Sand Plover,58,58,0,0,0,0,
13.2.20,11:00 AM,156,6,Sanderling,1,1,0,0,0,0,
13.2.20,11:00 AM,156,6,Grey Plover,15,0,7,0,8,0,
14.2.20,9:10 AM,18,1,Common Redshank,3,3,0,0,0,0,"10 Fishermen, 1 Brahminy"
14.2.20,9:35 AM,18,2,Black-tailed Godwit,2,2,0,0,0,0,"13 fishermen, 50+ gulls"
14.2.20,9:35 AM,18,2,Common Redshank,1,1,0,0,0,0,
14.2.20,10:00 AM,18,3,Black-tailed Godwit,2,2,0,0,0,0,"15 fishermen, flock of gulls (120+)"
14.2.20,10:00 AM,18,3,Lesser Sand Plover,1,1,0,0,0,0,
14.2.20,10:00 AM,18,3,Common Redshank,4,4,0,0,0,0,
14.2.20,10:00 AM,18,3,Kentish Plover,1,1,0,0,0,0,
14.2.20,10:25 AM,18,4,Black-tailed Godwit,3,3,0,0,0,0,"15 fishermen, flock of gulls (120+)"
14.2.20,10:50 AM,18,5,Common Redshank,2,2,0,0,0,0,"7 fishermen, gulls (150+), 2 raptors"
14.2.20,10:50 AM,18,5,Black-tailed Godwit,3,3,0,0,0,0,
14.2.20,10:50 AM,18,5,Common Greenshank,1,1,0,0,0,0,
14.2.20,11:15 AM,18,6,Black-headed Ibis,3,3,0,0,0,0,
14.2.20,11:15 AM,18,6,Whimbrel,2,1,0,0,1,0,
14.2.20,11:15 AM,18,6,Common Redshank,11,11,0,0,0,0,
14.2.20,11:15 AM,18,6,Common Greenshank,1,1,0,0,0,0,
15.2.20,10:00 AM,152,1,0,0,0,0,0,0,0,Indian Skimmer (2100+ ind.)
15.2.20,10:30 AM,152,2,Common Redshank,3,3,0,0,0,0,Indian Skimmer (2100+ ind.)
15.2.20,11:00 AM,152,3,Black-tailed Godwit,185,178,0,0,7,0,Indian Skimmer (spliited into two flocks -800+ 1200)
15.2.20,11:00 AM,152,3,Bar-tailed Godwit,1,1,0,0,0,0,
15.2.20,11:00 AM,152,3,Black-headed Ibis,17,17,0,0,0,0,
15.2.20,11:00 AM,152,3,Great Knot,2,2,0,0,0,0,
15.2.20,11:00 AM,152,3,Eurasian Curlew,3,3,0,0,0,0,
15.2.20,11:00 AM,152,3,Lesser Sand Plover,46,46,0,0,0,0,
15.2.20,11:00 AM,152,3,Common Redshank,2,2,0,0,0,0,
15.2.20,11:30 AM,152,4,Great Knot,2,2,0,0,0,0,Indian Skimmer (spliited into two flocks -800+ 1200)
15.2.20,11:30 AM,152,4,Black-tailed Godwit,181,163,13,0,5,0,
15.2.20,11:30 AM,152,4,Bar-tailed Godwit,1,1,0,0,0,0,
15.2.20,11:30 AM,152,4,Black-headed Ibis,17,17,0,0,0,0,
15.2.20,11:30 AM,152,4,Eurasian Curlew,3,3,0,0,0,0,
15.2.20,11:30 AM,152,4,Lesser Sand Plover,45,41,0,0,4,0,
15.2.20,11:30 AM,152,4,Common Redshank,2,2,0,0,0,0,
15.2.20,12:00 PM,152,5,Common Greenshank,1,1,0,0,0,0,Indian Skimmer (spliited into two flocks -800+ 1200)
15.2.20,12:00 PM,152,5,Common Redshank,2,2,0,0,0,0,
15.2.20,12:00 PM,152,5,Lesser Sand Plover,41,41,0,0,0,0,
15.2.20,12:00 PM,152,5,Black-tailed Godwit,134,134,0,0,0,0,
15.2.20,12:30 PM,152,6,Common Redshank,8,8,0,0,0,0,Indian Skimmer (spliited into two flocks -800+ 1200)
15.2.20,12:30 PM,152,6,Common Greenshank,1,1,0,0,0,0,
15.2.20,12:30 PM,152,6,Lesser Sand Plover,36,36,0,0,0,0,
15.2.20,12:30 PM,152,6,Eurasian Curlew,1,1,0,0,0,0,
16.2.20,10:20 AM,154,1,Eurasian Curlew,1,1,0,0,0,0,Indian Skimmer (2500+ ind.)
16.2.20,10:20 AM,154,1,Black-tailed Godwit,67,67,0,0,0,0,
16.2.20,10:20 AM,154,1,Common Redshank,8,8,0,0,0,0,
16.2.20,10:20 AM,154,1,Common Greenshank,4,4,0,0,0,0,
16.2.20,10:20 AM,154,1,Black-headed Ibis,22,22,0,0,0,0,
16.2.20,10:20 AM,154,1,Curlew Sandpiper,2,2,0,0,0,0,
16.2.20,10:20 AM,154,1,Lesser Sand Plover,2,2,0,0,0,0,
16.2.20,10:20 AM,154,1,Broad-billed Sandpiper,1,1,0,0,0,0,
16.2.20,10:20 AM,154,1,Little Stint,1,1,0,0,0,0,
16.2.20,10:20 AM,154,1,Great Knot,2,2,0,0,0,0,
16.2.20,10:50 AM,154,2,Great Knot,3,3,0,0,0,0,Indian Skimmer (2500+ ind.)
16.2.20,10:50 AM,154,2,Curlew Sandpiper,2,2,0,0,0,0,
16.2.20,10:50 AM,154,2,Grey Plover,1,0,0,1,0,0,
16.2.20,10:50 AM,154,2,Broad-billed Sandpiper,1,1,0,0,0,0,
16.2.20,10:50 AM,154,2,Bar-tailed Godwit,1,0,1,0,0,0,
16.2.20,10:50 AM,154,2,Black-tailed Godwit,5,5,0,0,0,0,
16.2.20,10:50 AM,154,2,Common Greenshank,2,0,2,0,0,0,
16.2.20,10:50 AM,154,2,Black-headed Ibis,7,7,0,0,0,0,
16.2.20,10:50 AM,154,2,Lesser Sand Plover,55,40,15,0,0,0,
16.2.20,10:50 AM,154,2,Little Stint,1,1,0,0,0,0,
16.2.20,11:20 AM,154,3,Lesser Sand Plover,31,31,0,0,0,0,Indian Skimmer (2500+ ind.)
16.2.20,11:20 AM,154,3,Black-tailed Godwit,3,3,0,0,0,0,
16.2.20,11:20 AM,154,3,Black-headed Ibis,6,6,0,0,0,0,
16.2.20,11:20 AM,154,3,Common Greenshank,1,1,0,0,0,0,
16.2.20,11:50 PM,154,4,Great Knot,1,1,0,0,0,0,Indian Skimmer (2500+ ind.)
16.2.20,11:50 PM,154,4,Common Redshank,5,5,0,0,0,0,
16.2.20,11:50 PM,154,4,Common Greenshank,6,6,0,0,0,0,
16.2.20,11:50 PM,154,4,Pied Avocet,1,1,0,0,0,0,
16.2.20,11:50 PM,154,4,Black-headed Ibis,7,7,0,0,0,0,
16.2.20,11:50 PM,154,4,Black-tailed Godwit,79,79,0,0,0,0,
16.2.20,11:50 PM,154,4,Lesser Sand Plover,23,23,0,0,0,0,
16.2.20,12:20 PM,154,5,Common Greenshank,6,6,0,0,0,0,
16.2.20,12:20 PM,154,5,Black-headed Ibis,6,5,1,0,0,0,
16.2.20,12:20 PM,154,5,Common Redshank,9,6,3,0,0,0,
16.2.20,12:20 PM,154,5,Black-tailed Godwit,2,2,0,0,0,0,
16.2.20,12:20 PM,154,5,Curlew Sandpiper,1,1,0,0,0,0,
16.2.20,12:20 PM,154,5,Lesser Sand Plover,15,15,0,0,0,0,
16.2.20,12:50 PM,154,6,Great Knot,1,1,0,0,0,0,
16.2.20,12:50 PM,154,6,Little Stint,4,4,0,0,0,0,
16.2.20,12:50 PM,154,6,Curlew Sandpiper,1,1,0,0,0,0,
16.2.20,12:50 PM,154,6,Common Redshank,8,8,0,0,0,0,
16.2.20,12:50 PM,154,6,Common Greenshank,5,5,0,0,0,0,
16.2.20,12:50 PM,154,6,Black-headed Ibis,6,6,0,0,0,0,
16.2.20,12:50 PM,154,6,Black-tailed Godwit,3,3,0,0,0,0,
16.2.20,12:50 PM,154,6,Lesser Sand Plover,22,22,0,0,0,0,
17.2.20,11:00 AM,163,1,Lesser Sand Plover,145,10,51,0,84,0,"Raptors (15), Fishermen (8), boat sound"
17.2.20,11:30 AM,163,2,0,0,0,0,0,0,0,"Raptors (15), Fishermen (8), boat sound"
17.2.20,12:00 PM,163,3,Common Greenshank,3,2,0,0,1,0,"Raptors (15), Fishermen (8), boat sound"
17.2.20,12:00 PM,163,3,Common Redshank,1,0,0,0,1,0,
17.2.20,12:30 PM,163,4,Whimbrel,59,0,23,0,36,0,Raptors (11)
17.2.20,12:30 PM,163,4,Ruff,1,0,0,0,1,0,
17.2.20,12:30 PM,163,4,Black-tailed Godwit,12,0,0,0,12,0,
17.2.20,12:30 PM,163,4,Common Greenshank,1,0,0,0,1,0,
17.2.20,12:30 PM,163,4,Common Redshank,2,0,0,0,2,0,
17.2.20,1:00 PM,163,5,Whimbrel,76,0,61,0,15,0,"Indian Skimmer (17 ind.), Raptors (11)"
17.2.20,1:00 PM,163,5,Black-tailed Godwit,4,0,0,0,4,0,
17.2.20,1:00 PM,163,5,Ruff,1,0,1,0,0,0,
17.2.20,1:30 PM,163,6,Whimbrel,81,0,8,0,73,0,Indian Skimmer (1506 ind.)
17.2.20,1:30 PM,163,6,Black-tailed Godwit,27,0,0,23,4,0,
17.2.20,1:30 PM,163,6,Common Greenshank,1,0,0,0,1,0,
17.2.20,1:30 PM,163,6,Ruff,1,0,0,1,0,0,
18.2.20,12:00 PM,151,1,Little Stint,1,1,0,0,0,0,"Indian Skimmer (2800+ ind.), two brahminy were hovering"
18.2.20,12:00 PM,151,1,Kentish Plover,2,2,0,0,0,0,
18.2.20,12:00 PM,151,1,Lesser Sand Plover,7,7,0,0,0,0,
18.2.20,12:30 PM,151,2,Little Stint,18,18,0,0,0,0,"Indian Skimmer (2800+ ind.), two brahminy were hovering"
18.2.20,12:30 PM,151,2,Black-tailed Godwit,62,62,0,0,0,0,
18.2.20,12:30 PM,151,2,Common Redshank,15,15,0,0,0,0,
18.2.20,12:30 PM,151,2,Eurasian Curlew,2,2,0,0,0,0,
18.2.20,12:30 PM,151,2,Grey Plover,4,4,0,0,0,0,
18.2.20,12:30 PM,151,2,Common Greenshank,1,0,0,0,1,0,
18.2.20,1:00 PM,151,3,Grey Plover,8,2,0,0,6,0,"4 fishermen, Indian Skimmer (2800+ ind.)"
18.2.20,1:00 PM,151,3,Common Redshank,20,18,2,0,0,0,
18.2.20,1:00 PM,151,3,Black-tailed Godwit,31,31,0,0,0,0,
18.2.20,1:00 PM,151,3,Lesser Sand Plover,6,6,0,0,0,0,
18.2.20,1:00 PM,151,3,Eurasian Curlew,1,0,0,0,1,0,
18.2.20,1:00 PM,151,3,Great Knot,11,11,0,0,0,0,
18.2.20,1:30 PM,151,4,Eurasian Curlew,6,6,0,0,0,0,Indian Skimmer (2800+ ind.)
18.2.20,1:30 PM,151,4,Grey Plover,16,0,0,0,16,0,
18.2.20,1:30 PM,151,4,Black-tailed Godwit,78,78,0,0,0,0,
18.2.20,1:30 PM,151,4,Whimbrel,2,0,0,0,2,0,
18.2.20,1:30 PM,151,4,Common Redshank,1,1,0,0,0,0,
18.2.20,2:00 PM,151,5,Eurasian Curlew,2,2,0,0,0,0,Indian Skimmer (splitted into three groups- 250+1300+1000ind.)
18.2.20,2:00 PM,151,5,Black-tailed Godwit,62,62,0,0,0,0,
18.2.20,2:00 PM,151,5,Grey Plover,1,1,0,0,0,0,
18.2.20,2:00 PM,151,5,Common Redshank,1,1,0,0,0,0,
18.2.20,2:30 PM,151,6,Common Redshank,32,32,0,0,0,0,Indian Skimmer (splitted into three groups- 250+1300+1000ind.)
18.2.20,2:30 PM,151,6,Eurasian Curlew,2,2,0,0,0,0,
18.2.20,2:30 PM,151,6,Black-tailed Godwit,27,27,0,0,0,0,
19.2.20,1:00 PM,4,1,Eurasian Curlew,3,3,0,0,0,0,"7 fishermen, 1 brahminy"
19.2.20,1:30 PM,4,2,Eurasian Curlew,1,1,0,0,0,0,"7 fishermen, 6 brahminy, 1 spotted eagle were hovering"
19.2.20,2:00 PM,4,3,0,0,0,0,0,0,0,"7 fishermen, 6 brahminy, 1 spotted eagle were hovering"
19.2.20,2:30 PM,4,4,Eurasian Curlew,1,1,0,0,0,0,"7 fishermen, 6 brahminy, 1 spotted eagle were hovering"
19.2.20,3:00 PM,4,5,0,0,0,0,0,0,0,10 raptors with 9 fishermen
19.2.20,3:30 PM,4,6,0,0,0,0,0,0,0,10 raptors with 9 fishermen
3.3.20,10:35 AM,27,1,Black-tailed Godwit,672,669,3,0,0,0,wind flow was very high and godwits were foraging in a group way (some were in small pockets of group and some were forgaing in individual format)
3.3.20,10:35 AM,27,1,Pied Avocet,3,0,0,0,3,0,
3.3.20,10:35 AM,27,1,Eurasian Curlew,2,2,0,0,0,0,
3.3.20,10:35 AM,27,1,Black-headed Ibis,1,0,0,0,1,0,
3.3.20,11:05 AM,27,2,Eurasian Curlew,3,3,0,0,0,0,
3.3.20,11:05 AM,27,2,Kentish Plover,2,2,0,0,0,0,
3.3.20,11:35 AM,27,3,Eurasian Curlew,4,4,0,0,0,0,
3.3.20,11:35 AM,27,3,Common Greenshank,1,0,0,1,0,0,
3.3.20,11:35 AM,27,3,Black-headed Ibis,1,1,0,0,0,0,
3.3.20,11:35 AM,27,3,Grey Plover,2,2,0,0,0,0,
3.3.20,12:05 PM,27,4,Eurasian Curlew,6,6,0,0,0,0,
3.3.20,12:05 PM,27,4,Grey Plover,7,7,0,0,0,0,
3.3.20,12:05 PM,27,4,Pacific Golden-Plover,3,3,0,0,0,0,
3.3.20,12:05 PM,27,4,Common Greenshank,2,2,0,0,0,0,
3.3.20,12:35 PM,27,5,Grey Plover,13,13,0,0,0,0,
3.3.20,12:35 PM,27,5,Eurasian Curlew,7,7,0,0,0,0,
3.3.20,12:35 PM,27,5,Common Greenshank,1,1,0,0,0,0,
3.3.20,1:05 PM,27,6,Black-headed Ibis,1,1,0,0,0,0,
3.3.20,1:05 PM,27,6,Eurasian Curlew,4,4,0,0,0,0,
3.3.20,1:05 PM,27,6,Grey Plover,11,11,0,0,0,0,
3.3.20,1:05 PM,27,6,Black-tailed Godwit,2,2,0,0,0,0,
4.3.20,11:20 AM,9,1,Kentish Plover,2,1,0,1,0,0,2 fishermen
4.3.20,11:20 AM,9,1,Pied Avocet,77,77,0,0,0,0,
4.3.20,11:50 AM,9,2,Black-headed Ibis,2,2,0,0,0,0,
4.3.20,11:50 AM,9,2,Pied Avocet,59,59,0,0,0,0,
4.3.20,12:20 PM,9,3,Pied Avocet,49,49,0,0,0,0,
4.3.20,12:20 PM,9,3,Black-headed Ibis,2,2,0,0,0,0,
4.3.20,12:50 PM,9,4,Pied Avocet,49,49,0,0,0,0,2 raptors_Brahminy
4.3.20,12:50 PM,9,4,Black-headed Ibis,2,2,0,0,0,0,
4.3.20,1:20 PM,9,5,Pied Avocet,37,37,0,0,0,0,
4.3.20,1:50 PM,9,6,Pied Avocet,29,29,0,0,0,0,2 raptors_Brahminy
4.3.20,1:50 PM,9,6,Black-headed Ibis,1,0,1,0,0,0,
10.3.20,7:00 AM,5,1,Eurasian Curlew,2,2,0,0,0,0,all species were spraded in the segment even during in every scan and even in the foraging period
10.3.20,7:00 AM,5,1,Kentish Plover,1,1,0,0,0,0,
10.3.20,7:30 AM,5,2,Pied Avocet,5,5,0,0,0,0,
10.3.20,8:00 AM,5,3,Black-tailed Godwit,97,97,0,0,0,0,spraded across the segment
10.3.20,8:00 AM,5,3,Pied Avocet,7,7,0,0,0,0,
10.3.20,8:30 AM,5,4,Lesser Sand Plover,1,1,0,0,0,0,
10.3.20,8:30 AM,5,4,Pied Avocet,2,2,0,0,0,0,
10.3.20,8:30 AM,5,4,Eurasian Curlew,1,1,0,0,0,0,
10.3.20,8:30 AM,5,4,Grey Plover,1,1,0,0,0,0,
10.3.20,9:00 AM,5,5,Grey Plover,1,1,0,0,0,0,
10.3.20,9:00 AM,5,5,Lesser Sand Plover,1,1,0,0,0,0,
10.3.20,9:00 AM,5,5,Pied Avocet,5,5,0,0,0,0,
10.3.20,9:30 AM,5,6,Eurasian Curlew,3,3,0,0,0,0,
10.3.20,9:30 AM,5,6,Pied Avocet,5,5,0,0,0,0,
6.3.20,1:10 PM,2,1,Common Greenshank,1,0,0,0,1,0,all species were spraded in the segment even during in every scan and even in the foraging period
6.3.20,1:10 PM,2,1,Grey Plover,1,0,0,0,1,0,
6.3.20,1:10 PM,2,1,Common Redshank,13,13,0,0,0,0,
6.3.20,1:10 PM,2,1,Lesser Sand Plover,1,1,0,0,0,0,
6.3.20,1:35 PM,2,2,Little Stint,1,1,0,0,0,0,
6.3.20,1:35 PM,2,2,Common Greenshank,1,1,0,0,0,0,
6.3.20,1:35 PM,2,2,Eurasian Curlew,1,1,0,0,0,0,
6.3.20,1:35 PM,2,2,Grey Plover,1,0,0,1,0,0,
6.3.20,1:35 PM,2,2,Black-tailed Godwit,3,3,0,0,0,0,
6.3.20,1:35 PM,2,2,Common Redshank,5,5,0,0,0,0,
6.3.20,2:00 PM,2,3,Common Redshank,32,32,0,0,0,0,
6.3.20,2:00 PM,2,3,Little Stint,3,3,0,0,0,0,
6.3.20,2:00 PM,2,3,Black-tailed Godwit,18,18,0,0,0,0,
6.3.20,2:00 PM,2,3,Lesser Sand Plover,12,8,0,0,4,0,
6.3.20,2:00 PM,2,3,Eurasian Curlew,2,2,0,0,0,0,
6.3.20,2:00 PM,2,3,Black-headed Ibis,4,4,0,0,0,0,
6.3.20,2:00 PM,2,3,Common Greenshank,1,1,0,0,0,0,
6.3.20,2:25 PM,2,4,Black-headed Ibis,9,9,0,0,0,0,
6.3.20,2:25 PM,2,4,Eurasian Curlew,5,5,0,0,0,0,
6.3.20,2:25 PM,2,4,Grey Plover,2,0,0,0,2,0,
6.3.20,2:25 PM,2,4,Lesser Sand Plover,18,18,0,0,0,0,
6.3.20,2:25 PM,2,4,Common Greenshank,1,1,0,0,0,0,
6.3.20,2:25 PM,2,4,Common Redshank,21,21,0,0,0,0,
6.3.20,2:50 PM,2,5,Black-headed Ibis,3,3,0,0,0,0,
6.3.20,2:50 PM,2,5,Eurasian Curlew,5,5,0,0,0,0,
6.3.20,2:50 PM,2,5,Grey Plover,3,3,0,0,0,0,
6.3.20,2:50 PM,2,5,Whimbrel,1,1,0,0,0,0,
6.3.20,2:50 PM,2,5,Kentish Plover,2,2,0,0,0,0,
6.3.20,2:50 PM,2,5,Common Redshank,13,13,0,0,0,0,
6.3.20,2:50 PM,2,5,Common Sandpiper,1,0,1,0,0,0,
6.3.20,3:15 PM,2,6,Black-headed Ibis,11,11,0,0,0,0,
6.3.20,3:15 PM,2,6,Whimbrel,1,1,0,0,0,0,
6.3.20,3:15 PM,2,6,Eurasian Curlew,6,6,0,0,0,0,
6.3.20,3:15 PM,2,6,Grey Plover,2,2,0,0,0,0,
6.3.20,3:15 PM,2,6,Common Redshank,8,8,0,0,0,0,
12.3.20,7:30 AM,16,1,Common Redshank,6,6,0,0,0,0,all species were spraded in the segment even during in every scan and even in the foraging period
12.3.20,7:30 AM,16,1,Eurasian Curlew,1,1,0,0,0,0,
12.3.20,8:00 AM,16,2,Common Redshank,3,3,0,0,0,0,
12.3.20,8:00 AM,16,2,Eurasian Curlew,3,3,0,0,0,0,
12.3.20,8:00 AM,16,2,Great Knot,4,4,0,0,0,0,
12.3.20,8:30 AM,16,3,Black-headed Ibis,11,11,0,0,0,0,
12.3.20,8:30 AM,16,3,Eurasian Curlew,6,6,0,0,0,0,
12.3.20,8:30 AM,16,3,Lesser Sand Plover,33,33,0,0,0,0,
12.3.20,8:30 AM,16,3,Common Redshank,9,9,0,0,0,0,
12.3.20,9:00 AM,16,4,Eurasian Curlew,4,4,0,0,0,0,
12.3.20,9:00 AM,16,4,Black-headed Ibis,10,10,0,0,0,0,
12.3.20,9:30 AM,16,5,Eurasian Curlew,1,1,0,0,0,0,
12.3.20,9:30 AM,16,5,Black-headed Ibis,10,10,0,0,0,0,
12.3.20,10:00 AM,16,6,Black-headed Ibis,10,10,0,0,0,0,
12.3.20,10:00 AM,16,6,Eurasian Curlew,3,0,1,1,1,0,
7.3.20,1:00 PM,1,1,Great Thick-knee,2,0,0,0,2,0,
7.3.20,1:00 PM,1,1,Common Redshank,18,18,0,0,0,0,all species were spraded in the segment even during in every scan and even in the foraging period
7.3.20,1:00 PM,1,1,Whimbrel,1,1,0,0,0,0,
7.3.20,1:00 PM,1,1,Grey Plover,32,2,0,0,30,0,
7.3.20,1:00 PM,1,1,Common Greenshank,2,0,0,0,2,0,
7.3.20,1:30 PM,1,2,Great Thick-knee,2,0,2,0,0,0,
7.3.20,1:30 PM,1,2,Common Greenshank,3,3,0,0,0,0,
7.3.20,1:30 PM,1,2,Common Redshank,5,5,0,0,0,0,
7.3.20,1:30 PM,1,2,Grey Plover,39,2,0,0,37,0,
7.3.20,1:30 PM,1,2,Terek Sandpiper,2,2,0,0,0,0,
7.3.20,1:30 PM,1,2,Lesser Sand Plover,17,17,0,0,0,0,
7.3.20,1:30 PM,1,2,Eurasian Curlew,1,1,0,0,0,0,
7.3.20,2:00 PM,1,3,Terek Sandpiper,3,3,0,0,0,0,
7.3.20,2:00 PM,1,3,Temminck's Stint,3,3,0,0,0,0,
7.3.20,2:00 PM,1,3,Pacific Golden-Plover,38,8,0,0,30,0,
7.3.20,2:00 PM,1,3,Grey Plover,21,18,0,0,3,0,
7.3.20,2:00 PM,1,3,Common Redshank,24,18,4,0,2,0,
7.3.20,2:00 PM,1,3,Common Greenshank,4,4,0,0,0,0,
7.3.20,2:00 PM,1,3,Lesser Sand Plover,19,19,0,0,0,0,
7.3.20,2:00 PM,1,3,Eurasian Curlew,2,2,0,0,0,0,
7.3.20,2:00 PM,1,3,Great Thick-knee,2,0,0,0,2,0,
7.3.20,2:00 PM,1,3,Whimbrel,1,0,0,0,1,0,
7.3.20,2:30 PM,1,4,Common Redshank,32,32,0,0,0,0,
7.3.20,2:30 PM,1,4,Kentish Plover,2,0,0,0,2,0,
7.3.20,2:30 PM,1,4,Lesser Sand Plover,8,0,0,0,8,0,
7.3.20,2:30 PM,1,4,Eurasian Curlew,2,2,0,0,0,0,
7.3.20,2:30 PM,1,4,Pacific Golden-Plover,6,0,0,0,6,0,
7.3.20,2:30 PM,1,4,Grey Plover,7,7,0,0,0,0,
7.3.20,2:30 PM,1,4,Great Thick-knee,2,0,0,0,2,0,
7.3.20,2:30 PM,1,4,Temminck's Stint,3,3,0,0,0,0,
7.3.20,3:00 PM,1,5,Pacific Golden-Plover,2,2,0,0,0,0,
7.3.20,3:00 PM,1,5,Grey Plover,1,1,0,0,0,0,
7.3.20,3:00 PM,1,5,Temminck's Stint,2,2,0,0,0,0,
7.3.20,3:00 PM,1,5,Great Thick-knee,2,0,0,0,2,0,
7.3.20,3:00 PM,1,5,Common Redshank,27,27,0,0,0,0,
7.3.20,3:30 PM,1,6,Common Redshank,28,28,0,0,0,0,
7.3.20,3:30 PM,1,6,Pacific Golden-Plover,4,4,0,0,0,0,
7.3.20,3:30 PM,1,6,Great Thick-knee,2,0,0,0,2,0,
7.3.20,3:30 PM,1,6,Lesser Sand Plover,3,3,0,0,0,0,
7.3.20,3:30 PM,1,6,Temminck's Stint,3,3,0,0,0,0,
7.3.20,3:30 PM,1,6,Black-headed Ibis,1,1,0,0,0,0,
7.3.20,3:30 PM,1,6,Kentish Plover,2,2,0,0,0,0,
15.3.20,8:30 AM,162,1,Lesser Sand Plover,20,20,0,0,0,0,
15.3.20,8:30 AM,162,1,Black-tailed Godwit,6,6,0,0,0,0,
15.3.20,9:00 AM,162,2,Lesser Sand Plover,32,32,0,0,0,0,
15.3.20,9:00 AM,162,2,Common Redshank,8,8,0,0,0,0,
15.3.20,9:00 AM,162,2,Black-tailed Godwit,11,11,0,0,0,0,
15.3.20,9:30 AM,162,3,Little Stint,1,1,0,0,0,0,
15.3.20,9:30 AM,162,3,Common Redshank,4,4,0,0,0,0,
15.3.20,9:30 AM,162,3,Lesser Sand Plover,10,10,0,0,0,0,
15.3.20,9:30 AM,162,3,Black-tailed Godwit,11,11,0,0,0,0,
15.3.20,10:00 AM,162,4,Black-tailed Godwit,159,159,0,0,0,0,all species were in pocket of groups in every scan and even in the foraging period
15.3.20,10:00 AM,162,4,Common Redshank,18,18,0,0,0,0,
15.3.20,10:00 AM,162,4,Lesser Sand Plover,34,34,0,0,0,0,
15.3.20,10:30 AM,162,5,Black-tailed Godwit,161,161,0,0,0,0,
15.3.20,10:30 AM,162,5,Lesser Sand Plover,44,44,0,0,0,0,
15.3.20,10:30 AM,162,5,Common Redshank,3,3,0,0,0,0,
15.3.20,11:00 AM,162,6,Common Redshank,5,5,0,0,0,0,
15.3.20,11:00 AM,162,6,Lesser Sand Plover,47,47,0,0,0,0,
15.3.20,11:00 AM,162,6,Black-tailed Godwit,20,20,0,0,0,0,
17.3.20,10:00 AM,165,1,Whimbrel,2,,0,0,2,0,
17.3.20,10:00 AM,165,1,Common Redshank,17,17,0,0,0,0,
17.3.20,10:00 AM,165,1,Black-headed Ibis,1,1,0,0,0,0,
17.3.20,10:00 AM,165,1,Black-tailed Godwit,15,15,0,0,0,0,
17.3.20,10:00 AM,165,1,Grey Plover,2,2,0,0,0,0,
17.3.20,10:30 AM,165,2,Whimbrel,2,0,0,0,2,0,
17.3.20,10:30 AM,165,2,Common Redshank,18,18,0,0,0,0,
17.3.20,10:30 AM,165,2,Black-headed Ibis,6,5,0,0,1,0,
17.3.20,10:30 AM,165,2,Grey Plover,2,2,0,0,0,0,
17.3.20,10:30 AM,165,2,Black-tailed Godwit,19,19,0,0,0,0,
17.3.20,11:00 AM,165,3,Black-tailed Godwit,3,3,0,0,0,0,
17.3.20,11:00 AM,165,3,Common Redshank,35,35,0,0,0,0,
17.3.20,11:00 AM,165,3,Black-headed Ibis,2,2,0,0,0,0,
17.3.20,11:00 AM,165,3,Common Greenshank,1,1,0,0,0,0,
17.3.20,11:00 AM,165,3,Grey Plover,1,1,0,0,0,0,
17.3.20,11:30 AM,165,4,Black-headed Ibis,6,6,0,0,0,0,
17.3.20,11:30 AM,165,4,Grey Plover,10,10,0,0,0,0,
17.3.20,11:30 AM,165,4,Black-tailed Godwit,19,19,0,0,0,0,
17.3.20,11:30 AM,165,4,Common Redshank,22,22,0,0,0,0,
17.3.20,12:00 PM,165,5,Common Redshank,31,31,0,0,0,0,skimmer -1323 individuals
17.3.20,12:00 PM,165,5,Grey Plover,7,7,0,0,0,0,
17.3.20,12:00 PM,165,5,Black-tailed Godwit,19,19,0,0,0,0,
17.3.20,12:00 PM,165,5,Black-headed Ibis,8,8,0,0,0,0,
17.3.20,12:00 PM,165,5,Lesser Sand Plover,21,21,0,0,0,0,
17.3.20,12:30 PM,165,6,Common Greenshank,1,1,0,0,0,0,
17.3.20,12:30 PM,165,6,Common Redshank,6,6,0,0,0,0,
17.3.20,12:30 PM,165,6,Grey Plover,8,8,0,0,0,0,
17.3.20,12:30 PM,165,6,Lesser Sand Plover,17,17,0,0,0,0,
17.3.20,12:30 PM,165,6,Black-headed Ibis,6,6,0,0,0,0,
17.3.20,12:30 PM,165,6,Black-tailed Godwit,28,28,0,0,0,0,
29.2.20,7:30 AM,160,1,Black-headed Ibis,5,3,2,0,0,0,
29.2.20,7:30 AM,160,1,Eurasian Curlew,3,3,0,0,0,0,
29.2.20,7:30 AM,160,1,Grey Plover,9,4,0,0,5,0,
29.2.20,7:30 AM,160,1,Common Redshank,19,19,0,0,0,0,
29.2.20,7:30 AM,160,1,Black-tailed Godwit,31,31,0,0,0,0,
29.2.20,7:30 AM,160,1,Common Greenshank,4,4,0,0,0,0,
29.2.20,7:30 AM,160,1,Curlew Sandpiper,3,3,0,0,0,0,
29.2.20,8:00 AM,160,2,Common Redshank,28,28,0,0,0,0,
29.2.20,8:00 AM,160,2,Lesser Sand Plover,41,35,6,0,0,0,
29.2.20,8:00 AM,160,2,Black-headed Ibis,11,11,0,0,0,0,
29.2.20,8:00 AM,160,2,Grey Plover,13,13,0,0,0,0,
29.2.20,8:00 AM,160,2,Eurasian Curlew,4,4,0,0,0,0,
29.2.20,8:00 AM,160,2,Common Greenshank,2,2,0,0,0,0,
29.2.20,8:00 AM,160,2,Black-tailed Godwit,38,38,0,0,0,0,
29.2.20,8:30 AM,160,3,Eurasian Curlew,6,4,1,1,0,0,
29.2.20,8:30 AM,160,3,Lesser Sand Plover,53,53,0,0,0,0,
29.2.20,8:30 AM,160,3,Common Redshank,24,24,0,0,0,0,
29.2.20,8:30 AM,160,3,Black-headed Ibis,8,8,0,0,0,0,
29.2.20,8:30 AM,160,3,Grey Plover,13,13,0,0,0,0,
29.2.20,8:30 AM,160,3,Black-tailed Godwit,35,35,0,0,0,0,
29.2.20,9:00 AM,160,4,Eurasian Curlew,6,6,0,0,0,0,
29.2.20,9:00 AM,160,4,Lesser Sand Plover,50,50,0,0,0,0,
29.2.20,9:00 AM,160,4,Common Redshank,24,24,0,0,0,0,
29.2.20,9:00 AM,160,4,Black-headed Ibis,8,8,0,0,0,0,
29.2.20,9:00 AM,160,4,Grey Plover,13,13,0,0,0,0,
29.2.20,9:00 AM,160,4,Black-tailed Godwit,33,33,0,0,0,0,
29.2.20,9:00 AM,160,4,Common Greenshank,3,3,0,0,0,0,
29.2.20,9:30 AM,160,5,Lesser Sand Plover,48,48,0,0,0,0,
29.2.20,9:30 AM,160,5,Common Redshank,21,21,0,0,0,0,
29.2.20,9:30 AM,160,5,Black-headed Ibis,6,6,0,0,0,0,
29.2.20,9:30 AM,160,5,Grey Plover,11,11,0,0,0,0,
29.2.20,9:30 AM,160,5,Black-tailed Godwit,33,33,0,0,0,0,
29.2.20,9:30 AM,160,5,Common Greenshank,3,3,0,0,0,0,
29.2.20,9:30 AM,160,5,Curlew Sandpiper,2,2,0,0,0,0,
29.2.20,10:00 AM,160,6,Lesser Sand Plover,56,56,0,0,0,0,
29.2.20,10:00 AM,160,6,Common Redshank,27,27,0,0,0,0,
29.2.20,10:00 AM,160,6,Black-headed Ibis,5,5,0,0,0,0,
29.2.20,10:00 AM,160,6,Grey Plover,13,13,0,0,0,0,
29.2.20,10:00 AM,160,6,Black-tailed Godwit,29,29,0,0,0,0,
29.2.20,10:00 AM,160,6,Curlew Sandpiper,2,2,0,0,0,0,
11.3.20,7:30 AM,117,1,Terek Sandpiper,1,1,0,0,0,0,
11.3.20,7:30 AM,117,1,Little Stint,1,1,0,0,0,0,
11.3.20,7:30 AM,117,1,Common Redshank,1,1,0,0,0,0,
11.3.20,7:30 AM,117,1,Grey Plover,4,4,0,0,0,0,
11.3.20,7:30 AM,117,1,Kentish Plover,4,4,0,0,0,0,
11.3.20,7:30 AM,117,1,Common Greenshank,1,1,0,0,0,0,
11.3.20,7:30 AM,117,1,Lesser Sand Plover,65,65,0,0,0,0,
11.3.20,8:00 AM,117,2,Terek Sandpiper,2,2,0,0,0,0,
11.3.20,8:00 AM,117,2,Common Greenshank,2,2,0,0,0,0,
11.3.20,8:00 AM,117,2,Common Redshank,3,3,0,0,0,0,
11.3.20,8:00 AM,117,2,Kentish Plover,2,2,0,0,0,0,
11.3.20,8:00 AM,117,2,Grey Plover,2,2,0,0,0,0,
11.3.20,8:00 AM,117,2,Lesser Sand Plover,33,33,0,0,0,0,
11.3.20,8:30 AM,117,3,Common Greenshank,1,1,0,0,0,0,
11.3.20,8:30 AM,117,3,Common Redshank,2,2,0,0,0,0,
11.3.20,8:30 AM,117,3,Grey Plover,2,2,0,0,0,0,
11.3.20,8:30 AM,117,3,Kentish Plover,2,2,0,0,0,0,
11.3.20,8:30 AM,117,3,Terek Sandpiper,1,1,0,0,0,0,
11.3.20,8:30 AM,117,3,Lesser Sand Plover,47,47,0,0,0,0,
11.3.20,9:00 AM,117,4,Common Redshank,10,10,0,0,0,0,
11.3.20,9:00 AM,117,4,Grey Plover,2,2,0,0,0,0,
11.3.20,9:00 AM,117,4,Lesser Sand Plover,27,27,0,0,0,0,
11.3.20,9:30 AM,117,5,Black-headed Ibis,2,2,0,0,0,0,
11.3.20,9:30 AM,117,5,Lesser Sand Plover,31,31,0,0,0,0,
11.3.20,9:30 AM,117,5,Kentish Plover,1,1,0,0,0,0,
11.3.20,9:30 AM,117,5,Grey Plover,2,2,0,0,0,0,
11.3.20,9:30 AM,117,5,Common Redshank,1,1,0,0,0,0,
11.3.20,10:00 AM,117,6,Common Greenshank,1,1,0,0,0,0,
11.3.20,10:00 AM,117,6,Common Redshank,8,8,0,0,0,0,
11.3.20,10:00 AM,117,6,Grey Plover,4,4,0,0,0,0,
11.3.20,10:00 AM,117,6,Lesser Sand Plover,24,24,0,0,0,0,
11.3.20,10:00 AM,117,6,Eurasian Curlew,1,1,0,0,0,0,
13.3.20,7:25 AM,7,1,Pied Avocet,17,17,0,0,0,0,
13.3.20,7:25 AM,7,1,Kentish Plover,5,5,0,0,0,0,
13.3.20,7:25 AM,7,1,Black-tailed Godwit,74,74,0,0,0,0,
13.3.20,7:55 AM,7,2,Black-tailed Godwit,212,212,0,0,0,0,
13.3.20,7:55 AM,7,2,Pied Avocet,18,17,1,0,0,0,some of them were spraded and some of them were in a cluster of groups
13.3.20,7:55 AM,7,2,Grey Plover,1,1,0,0,0,0,
13.3.20,7:55 AM,7,2,Kentish Plover,2,,2,0,0,0,
13.3.20,8:25 AM,7,3,Pied Avocet,19,19,0,0,0,0,
13.3.20,8:25 AM,7,3,Grey Plover,1,1,0,0,0,0,
13.3.20,8:25 AM,7,3,Lesser Sand Plover,2,2,0,0,0,0,
13.3.20,8:25 AM,7,3,Kentish Plover,2,2,0,0,0,0,
13.3.20,8:25 AM,7,3,Black-tailed Godwit,199,197,2,0,0,0,
13.3.20,8:55 AM,7,4,Lesser Sand Plover,1,1,0,0,0,0,
13.3.20,8:55 AM,7,4,Kentish Plover,1,1,0,0,0,0,
13.3.20,8:55 AM,7,4,Pied Avocet,58,56,0,0,2,0,
13.3.20,9:25 AM,7,5,Pied Avocet,103,98,2,0,3,0,
13.3.20,9:25 AM,7,5,Common Redshank,3,3,0,0,0,0,
13.3.20,9:55 AM,7,6,Pied Avocet,244,235,9,0,0,0,
14.3.20,8:00 AM,23,1,Black-tailed Godwit,452,452,0,0,0,0,some of them were spraded and some of them were in a cluster of groups
14.3.20,8:00 AM,23,1,Grey Plover,3,3,0,0,0,0,
14.3.20,8:00 AM,23,1,Eurasian Curlew,1,1,0,0,0,0,
14.3.20,8:00 AM,23,1,Kentish Plover,21,10,0,0,11,0,
14.3.20,8:30 AM,23,2,Grey Plover,2,2,0,0,0,0,
14.3.20,8:30 AM,23,2,Common Redshank,1,1,0,0,0,0,
14.3.20,8:30 AM,23,2,Pied Avocet,3,3,0,0,0,0,
14.3.20,8:30 AM,23,2,Kentish Plover,8,0,3,0,5,0,
14.3.20,8:30 AM,23,2,Eurasian Curlew,2,2,0,0,0,0,
14.3.20,9:00 AM,23,3,Black-headed Ibis,1,1,0,0,0,0,
14.3.20,9:00 AM,23,3,Lesser Sand Plover,1,1,0,0,0,0,
14.3.20,9:00 AM,23,3,Kentish Plover,17,17,0,0,0,0,
14.3.20,9:00 AM,23,3,Eurasian Curlew,1,1,0,0,0,0,
14.3.20,9:30 AM,23,4,Grey Plover,11,0,11,0,0,0,
14.3.20,9:30 AM,23,4,Eurasian Curlew,2,2,0,0,0,0,
14.3.20,9:30 AM,23,4,Black-headed Ibis,3,3,0,0,0,0,
14.3.20,9:30 AM,23,4,Pied Avocet,12,7,3,0,2,0,
14.3.20,9:30 AM,23,4,Kentish Plover,9,9,0,0,0,0,
14.3.20,9:30 AM,23,4,Lesser Sand Plover,1,1,0,0,0,0,
14.3.20,10:00 AM,23,5,Black-headed Ibis,3,3,0,0,0,0,
14.3.20,10:00 AM,23,5,Pied Avocet,7,7,0,0,0,0,
14.3.20,10:00 AM,23,5,Grey Plover,12,12,0,0,0,0,
14.3.20,10:00 AM,23,5,Eurasian Curlew,2,2,0,0,0,0,
14.3.20,10:00 AM,23,5,Kentish Plover,3,3,0,0,0,0,
14.3.20,10:30 AM,23,6,Black-headed Ibis,2,2,0,0,0,0,
14.3.20,10:30 AM,23,6,Grey Plover,13,13,0,0,0,0,
14.3.20,10:30 AM,23,6,Pied Avocet,5,5,0,0,0,0,
14.3.20,10:30 AM,23,6,Eurasian Curlew,3,3,0,0,0,0,
16.3.20,9:30 AM,158,1,Black-tailed Godwit,222,222,0,0,0,0,skimmers 1328 ind.
16.3.20,9:30 AM,158,1,Common Redshank,1,1,0,0,0,0,some of them were spraded and some of them were in a cluster of groups
16.3.20,10:00 AM,158,2,Black-tailed Godwit,222,222,0,0,0,0,
16.3.20,10:00 AM,158,2,Common Redshank,4,4,0,0,0,0,
16.3.20,10:00 AM,158,2,Great Knot,1,1,0,0,0,0,
16.3.20,10:30 AM,158,3,Common Greenshank,3,3,0,0,0,0,
16.3.20,10:30 AM,158,3,Common Redshank,5,5,0,0,0,0,
16.3.20,10:30 AM,158,3,Black-tailed Godwit,138,138,0,0,0,0,
16.3.20,11:00 AM,158,4,Common Redshank,7,7,0,0,0,0,
16.3.20,11:00 AM,158,4,Great Knot,1,1,0,0,0,0,
16.3.20,11:00 AM,158,4,Black-tailed Godwit,99,99,0,0,0,0,
16.3.20,11:00 AM,158,4,Lesser Sand Plover,13,13,0,0,0,0,
16.3.20,11:00 AM,158,4,Eurasian Curlew,3,2,0,0,1,0,
16.3.20,11:30 AM,158,5,Black-tailed Godwit,61,61,0,0,0,0,
16.3.20,11:30 AM,158,5,Lesser Sand Plover,28,28,0,0,0,0,
16.3.20,11:30 AM,158,5,Eurasian Curlew,3,2,0,0,1,0,
16.3.20,11:30 AM,158,5,Common Redshank,11,11,0,0,0,0,
16.3.20,12:00 PM,158,6,Black-tailed Godwit,25,25,0,0,0,0,
16.3.20,12:00 PM,158,6,Lesser Sand Plover,3,3,0,0,0,0,
16.3.20,12:00 PM,158,6,Common Redshank,2,2,0,0,0,0,
16.3.20,12:00 PM,158,6,Great Knot,1,1,0,0,0,0,
22.3.20,2:00 PM,30,1,Lesser Sand Plover,33,33,0,0,0,0,"26 fishermen collecting fish from the intertidal, gull's flock_61 ind."
22.3.20,2:00 PM,30,1,Common Redshank,17,17,0,0,0,0,
22.3.20,2:00 PM,30,1,Grey Plover,7,4,3,0,0,0,
22.3.20,2:00 PM,30,1,Black-headed Ibis,9,6,0,0,3,0,
22.3.20,2:00 PM,30,1,Common Greenshank,13,3,6,0,4,0,
22.3.20,2:00 PM,30,1,Kentish Plover,8,8,0,0,0,0,
22.3.20,2:30 PM,30,2,Kentish Plover,12,8,4,0,0,0,
22.3.20,2:30 PM,30,2,Eurasian Curlew,3,3,0,0,0,0,
22.3.20,2:30 PM,30,2,Lesser Sand Plover,31,31,0,0,0,0,
22.3.20,2:30 PM,30,2,Grey Plover,7,0,0,0,7,0,
22.3.20,2:30 PM,30,2,Common Greenshank,8,4,0,3,1,0,
22.3.20,2:30 PM,30,2,Common Redshank,17,15,2,0,0,0,
22.3.20,2:30 PM,30,2,Black-headed Ibis,6,6,0,0,0,0,
22.3.20,3:00 PM,30,3,Kentish Plover,12,12,0,0,0,0,
22.3.20,3:00 PM,30,3,Eurasian Curlew,3,3,0,0,0,0,
22.3.20,3:00 PM,30,3,Lesser Sand Plover,31,31,0,0,0,0,
22.3.20,3:00 PM,30,3,Grey Plover,7,7,0,0,0,0,
22.3.20,3:00 PM,30,3,Common Greenshank,8,8,0,0,0,0,
22.3.20,3:00 PM,30,3,Common Redshank,17,17,0,0,0,0,
22.3.20,3:00 PM,30,3,Black-headed Ibis,6,6,0,0,0,0,
22.3.20,3:00 PM,30,3,Pied Avocet,2,2,0,0,0,0,
22.3.20,3:00 PM,30,3,Black-tailed Godwit,4,4,0,0,0,0,
22.3.20,3:30 PM,30,4,Eurasian Curlew,5,5,0,0,0,0,
22.3.20,3:30 PM,30,4,Lesser Sand Plover,28,28,0,0,0,0,
22.3.20,3:30 PM,30,4,Grey Plover,5,5,0,0,0,0,
22.3.20,3:30 PM,30,4,Common Greenshank,4,4,0,0,0,0,
22.3.20,3:30 PM,30,4,Common Redshank,21,21,0,0,0,0,
22.3.20,3:30 PM,30,4,Black-headed Ibis,4,4,0,0,0,0,
22.3.20,3:30 PM,30,4,Pied Avocet,2,2,0,0,0,0,
22.3.20,3:30 PM,30,4,Black-tailed Godwit,4,4,0,0,0,0,
22.3.20,4:00 PM,30,5,Black-tailed Godwit,12,12,0,0,0,0,
22.3.20,4:00 PM,30,5,Common Greenshank,2,2,0,0,0,0,
22.3.20,4:00 PM,30,5,Common Redshank,8,8,0,0,0,0,
22.3.20,4:00 PM,30,5,Lesser Sand Plover,18,18,0,0,0,0,
22.3.20,4:00 PM,30,5,Grey Plover,3,3,0,0,0,0,
22.3.20,4:00 PM,30,5,Pied Avocet,1,0,0,0,1,0,
22.3.20,4:30 PM,30,6,Black-tailed Godwit,19,19,0,0,0,0,
22.3.20,4:30 PM,30,6,Lesser Sand Plover,22,22,0,0,0,0,
22.3.20,4:30 PM,30,6,Common Greenshank,2,2,0,0,0,0,
22.3.20,4:30 PM,30,6,Pied Avocet,1,1,0,0,0,0,
22.3.20,4:30 PM,30,6,Grey Plover,3,3,0,0,0,0,
22.3.20,4:30 PM,30,6,Common Redshank,13,13,0,0,0,0,
19.3.20,11:30 AM,124,1,Curlew Sandpiper,8,8,0,0,0,0,
19.3.20,11:30 AM,124,1,Black-headed Ibis,6,6,0,0,0,0,
19.3.20,11:30 AM,124,1,Little Stint,57,57,0,0,0,0,
19.3.20,11:30 AM,124,1,Lesser Sand Plover,658,658,0,0,0,0,most of them were spraded but some were in cluster groups
19.3.20,11:30 AM,124,1,Black-tailed Godwit,4,4,0,0,0,0,
19.3.20,11:30 AM,124,1,Common Redshank,18,18,0,0,0,0,
19.3.20,11:30 AM,124,1,Red Knot,1,1,0,0,0,0,
19.3.20,12:00 PM,124,2,Black-headed Ibis,8,8,0,0,0,0,
19.3.20,12:00 PM,124,2,Eurasian Curlew,2,2,0,0,0,0,
19.3.20,12:00 PM,124,2,Common Redshank,19,19,0,0,0,0,
19.3.20,12:00 PM,124,2,Little Stint,80,80,0,0,0,0,
19.3.20,12:00 PM,124,2,Spoon-billed Sandpiper,2,2,0,0,0,0,
19.3.20,12:00 PM,124,2,Great Knot,2,2,0,0,0,0,
19.3.20,12:00 PM,124,2,Curlew Sandpiper,18,18,0,0,0,0,
19.3.20,12:00 PM,124,2,Lesser Sand Plover,712,712,0,0,0,0,
19.3.20,12:00 PM,124,2,Dunlin,1,1,0,0,0,0,all birds flew
19.3.20,12:30 PM,124,3,Black-headed Ibis,3,3,0,0,0,0,
19.3.20,12:30 PM,124,3,Common Redshank,1,0,0,0,1,0,
19.3.20,1:00 PM,124,4,Black-headed Ibis,6,6,0,0,0,0,
19.3.20,1:00 PM,124,4,Black-tailed Godwit,2,2,0,0,0,0,
19.3.20,1:00 PM,124,4,Common Redshank,5,5,0,0,0,0,
19.3.20,1:00 PM,124,4,Eurasian Curlew,1,1,0,0,0,0,
19.3.20,1:00 PM,124,4,Lesser Sand Plover,17,17,0,0,0,0,
19.3.20,1:00 PM,124,4,Little Stint,3,3,0,0,0,0,
19.3.20,1:00 PM,124,4,Curlew Sandpiper,5,5,0,0,0,0,
19.3.20,1:00 PM,124,4,Great Knot,2,2,0,0,0,0,
19.3.20,1:00 PM,124,5,Little Stint,3,3,0,0,0,0,
19.3.20,1:00 PM,124,5,Common Redshank,7,7,0,0,0,0,
19.3.20,1:00 PM,124,5,Black-headed Ibis,3,3,0,0,0,0,
19.3.20,1:00 PM,124,5,Black-tailed Godwit,1,1,0,0,0,0,
19.3.20,1:00 PM,124,5,Curlew Sandpiper,1,1,0,0,0,0,
19.3.20,1:00 PM,124,5,Lesser Sand Plover,31,31,0,0,0,0,
19.3.20,2:00 PM,124,6,Black-headed Ibis,6,6,0,0,0,0,
19.3.20,2:00 PM,124,6,Grey Plover,3,3,0,0,0,0,
19.3.20,2:00 PM,124,6,Common Redshank,8,8,0,0,0,0,
19.3.20,2:00 PM,124,6,Little Stint,8,8,0,0,0,0,
19.3.20,2:00 PM,124,6,Broad-billed Sandpiper,2,2,0,0,0,0,
19.3.20,2:00 PM,124,6,Lesser Sand Plover,50,50,0,0,0,0,
19.3.20,2:00 PM,124,6,Curlew Sandpiper,1,1,0,0,0,0,
5.3.20,11:50 AM,122,1,Common Redshank,37,37,0,0,0,0,
5.3.20,11:50 AM,122,1,Terek Sandpiper,2,2,0,0,0,0,
5.3.20,11:50 AM,122,1,Black-headed Ibis,9,9,0,0,0,0,
5.3.20,11:50 AM,122,1,Sanderling,2,2,0,0,0,0,
5.3.20,11:50 AM,122,1,Ruddy Turnstone,2,2,0,0,0,0,
5.3.20,11:50 AM,122,1,Lesser Sand Plover,3,3,0,0,0,0,
5.3.20,11:50 AM,122,1,Common Greenshank,2,2,0,0,0,0,
5.3.20,11:50 AM,122,1,Red Knot,2,2,0,0,0,0,
5.3.20,11:50 AM,122,1,Great Knot,1,1,0,0,0,0,
5.3.20,11:50 AM,122,1,Little Stint,18,18,0,0,0,0,
5.3.20,11:50 AM,122,1,Curlew Sandpiper,6,6,0,0,0,0,
5.3.20,12:20 PM,122,2,Common Greenshank,1,1,0,0,0,0,
5.3.20,12:20 PM,122,2,Curlew Sandpiper,3,3,0,0,0,0,
5.3.20,12:20 PM,122,2,Terek Sandpiper,2,0,0,0,2,0,
5.3.20,12:20 PM,122,2,Eurasian Curlew,1,0,0,0,1,0,
5.3.20,12:20 PM,122,2,Black-headed Ibis,10,10,0,0,0,0,
5.3.20,12:20 PM,122,2,Little Stint,1,1,0,0,0,0,
5.3.20,12:20 PM,122,2,Great Knot,1,1,0,0,0,0,
5.3.20,12:50 PM,122,3,Great Knot,1,1,0,0,0,0,
5.3.20,12:50 PM,122,3,Dunlin,1,1,0,0,0,0,
5.3.20,12:50 PM,122,3,Curlew Sandpiper,4,4,0,0,0,0,
5.3.20,12:50 PM,122,3,Little Stint,9,9,0,0,0,0,
5.3.20,12:50 PM,122,3,Common Redshank,29,29,0,0,0,0,
5.3.20,12:50 PM,122,3,Black-headed Ibis,7,7,0,0,0,0,
5.3.20,12:50 PM,122,3,Common Greenshank,6,6,0,0,0,0,
5.3.20,12:50 PM,122,3,Lesser Sand Plover,32,32,0,0,0,0,
5.3.20,12:50 PM,122,3,Terek Sandpiper,2,2,0,0,0,0,
5.3.20,12:50 PM,122,3,Red Knot,1,1,0,0,0,0,
5.3.20,1:20 PM,122,4,Great Knot,1,1,0,0,0,0,
5.3.20,1:20 PM,122,4,Red Knot,2,2,0,0,0,0,
5.3.20,1:20 PM,122,4,Curlew Sandpiper,4,4,0,0,0,0,
5.3.20,1:20 PM,122,4,Little Stint,7,7,0,0,0,0,
5.3.20,1:20 PM,122,4,Common Redshank,31,31,0,0,0,0,
5.3.20,1:20 PM,122,4,Black-headed Ibis,4,4,0,0,0,0,
5.3.20,1:20 PM,122,4,Common Greenshank,5,5,0,0,0,0,
5.3.20,1:20 PM,122,4,Lesser Sand Plover,28,28,0,0,0,0,
5.3.20,1:20 PM,122,4,Terek Sandpiper,2,2,0,0,0,0,
5.3.20,1:50 PM,122,5,Great Knot,2,2,0,0,0,0,
5.3.20,1:50 PM,122,5,Red Knot,2,2,0,0,0,0,
5.3.20,1:50 PM,122,5,Curlew Sandpiper,2,2,0,0,0,0,
5.3.20,1:50 PM,122,5,Lesser Sand Plover,26,21,0,0,5,0,
5.3.20,1:50 PM,122,5,Terek Sandpiper,2,2,0,0,0,0,
5.3.20,1:50 PM,122,5,Common Greenshank,7,7,0,0,0,0,
5.3.20,1:50 PM,122,5,Common Redshank,26,26,0,0,0,0,
5.3.20,1:50 PM,122,5,Little Stint,4,4,0,0,0,0,
5.3.20,2:20 PM,122,6,Common Redshank,6,6,0,0,0,0,
5.3.20,2:20 PM,122,6,Curlew Sandpiper,1,1,0,0,0,0,
5.3.20,2:20 PM,122,6,Lesser Sand Plover,57,57,0,0,0,0,
5.3.20,2:20 PM,122,6,Great Knot,1,1,0,0,0,0,
1.3.20,8:00 AM,121,1,Lesser Sand Plover,19,19,0,0,0,0,
1.3.20,8:00 AM,121,1,Common Redshank,22,22,0,0,0,0,
1.3.20,8:00 AM,121,1,Curlew Sandpiper,3,3,0,0,0,0,
1.3.20,8:00 AM,121,1,Little Stint,3,3,0,0,0,0,
1.3.20,8:30 AM,121,2,Common Redshank,22,22,0,0,0,0,
1.3.20,8:30 AM,121,2,Lesser Sand Plover,23,23,0,0,0,0,
1.3.20,8:30 AM,121,2,Curlew Sandpiper,3,3,0,0,0,0,
1.3.20,8:30 AM,121,2,Little Stint,3,3,0,0,0,0,
1.3.20,8:30 AM,121,2,Black-headed Ibis,4,4,0,0,0,0,
1.3.20,8:30 AM,121,2,Eurasian Curlew,1,0,1,0,0,0,
1.3.20,9:00 AM,121,3,Common Redshank,18,18,0,0,0,0,
1.3.20,9:00 AM,121,3,Lesser Sand Plover,52,52,0,0,0,0,
1.3.20,9:00 AM,121,3,Little Stint,9,9,0,0,0,0,
1.3.20,9:00 AM,121,3,Common Greenshank,2,2,0,0,0,0,
1.3.20,9:00 AM,121,3,Dunlin,1,1,0,0,0,0,
1.3.20,9:00 AM,121,3,Curlew Sandpiper,3,3,0,0,0,0,
1.3.20,9:30 AM,121,4,Common Redshank,18,18,0,0,0,0,
1.3.20,9:30 AM,121,4,Lesser Sand Plover,52,52,0,0,0,0,
1.3.20,9:30 AM,121,4,Little Stint,7,7,0,0,0,0,
1.3.20,9:30 AM,121,4,Common Greenshank,2,2,0,0,0,0,
1.3.20,9:30 AM,121,4,Dunlin,1,1,0,0,0,0,
1.3.20,9:30 AM,121,4,Curlew Sandpiper,3,3,0,0,0,0,
1.3.20,9:30 AM,121,4,Broad-billed Sandpiper,2,2,0,0,0,0,
1.3.20,10:00 AM,121,5,Great Knot,1,1,0,0,0,0,
1.3.20,10:00 AM,121,5,Common Redshank,28,28,0,0,0,0,
1.3.20,10:00 AM,121,5,Lesser Sand Plover,52,52,0,0,0,0,
1.3.20,10:00 AM,121,5,Little Stint,4,4,0,0,0,0,
1.3.20,10:00 AM,121,5,Common Greenshank,2,2,0,0,0,0,
1.3.20,10:00 AM,121,5,Curlew Sandpiper,3,3,0,0,0,0,
1.3.20,10:00 AM,121,5,Broad-billed Sandpiper,2,2,0,0,0,0,
1.3.20,10:30 AM,121,6,Great Knot,1,1,0,0,0,0,
1.3.20,10:30 AM,121,6,Common Redshank,28,28,0,0,0,0,
1.3.20,10:30 AM,121,6,Lesser Sand Plover,52,52,0,0,0,0,
1.3.20,10:30 AM,121,6,Little Stint,4,4,0,0,0,0,
1.3.20,10:30 AM,121,6,Common Greenshank,2,2,0,0,0,0,
1.3.20,10:30 AM,121,6,Curlew Sandpiper,3,3,0,0,0,0,
2.3.20,8:30 AM,119,1,Black-tailed Godwit,16,16,0,0,0,0,
2.3.20,8:30 AM,119,1,Common Greenshank,4,2,0,0,2,0,
2.3.20,8:30 AM,119,1,Common Redshank,13,9,2,0,2,0,
2.3.20,8:30 AM,119,1,Little Stint,2,2,0,0,0,0,
2.3.20,9:00 AM,119,2,Black-tailed Godwit,7,7,0,0,0,0,
2.3.20,9:00 AM,119,2,Common Greenshank,3,1,0,0,2,0,
2.3.20,9:00 AM,119,2,Common Redshank,14,14,0,0,0,0,
2.3.20,9:00 AM,119,2,Eurasian Curlew,3,3,0,0,0,0,
2.3.20,9:00 AM,119,2,Lesser Sand Plover,8,8,0,0,0,0,
2.3.20,9:30 AM,119,3,Common Redshank,17,17,0,0,0,0,
2.3.20,9:30 AM,119,3,Common Greenshank,1,1,0,0,0,0,
2.3.20,9:30 AM,119,3,Black-tailed Godwit,11,11,0,0,0,0,
2.3.20,9:30 AM,119,3,Black-headed Ibis,5,5,0,0,0,0,
2.3.20,9:30 AM,119,3,Ruddy Turnstone,2,2,0,0,0,0,
2.3.20,9:30 AM,119,3,Grey Plover,7,4,0,0,3,0,
2.3.20,9:30 AM,119,3,Lesser Sand Plover,9,9,0,0,0,0,
2.3.20,9:30 AM,119,3,Eurasian Curlew,3,3,0,0,0,0,
2.3.20,10:00 AM,119,4,Common Redshank,17,17,0,0,0,0,
2.3.20,10:00 AM,119,4,Common Greenshank,1,1,0,0,0,0,
2.3.20,10:00 AM,119,4,Black-tailed Godwit,11,11,0,0,0,0,
2.3.20,10:00 AM,119,4,Black-headed Ibis,5,5,0,0,0,0,
2.3.20,10:00 AM,119,4,Ruddy Turnstone,2,2,0,0,0,0,
2.3.20,10:00 AM,119,4,Grey Plover,7,5,0,0,2,0,
2.3.20,10:00 AM,119,4,Lesser Sand Plover,9,9,0,0,0,0,
2.3.20,10:00 AM,119,4,Eurasian Curlew,3,3,0,0,0,0,
2.3.20,10:30 AM,119,5,Common Redshank,20,20,0,0,0,0,
2.3.20,10:30 AM,119,5,Common Greenshank,2,2,0,0,0,0,
2.3.20,10:30 AM,119,5,Black-tailed Godwit,9,9,0,0,0,0,
2.3.20,10:30 AM,119,5,Black-headed Ibis,3,3,0,0,0,0,
2.3.20,10:30 AM,119,5,Little Stint,2,2,0,0,0,0,
2.3.20,10:30 AM,119,5,Grey Plover,4,4,0,0,0,0,
2.3.20,10:30 AM,119,5,Lesser Sand Plover,19,19,0,0,0,0,
2.3.20,10:30 AM,119,5,Eurasian Curlew,2,2,0,0,0,0,
2.3.20,11:00 AM,119,6,Curlew Sandpiper,3,3,0,0,0,0,
2.3.20,11:00 AM,119,6,Common Redshank,24,24,0,0,0,0,
2.3.20,11:00 AM,119,6,Common Greenshank,2,2,0,0,0,0,
2.3.20,11:00 AM,119,6,Black-tailed Godwit,9,9,0,0,0,0,
2.3.20,11:00 AM,119,6,Black-headed Ibis,3,3,0,0,0,0,
2.3.20,11:00 AM,119,6,Little Stint,2,2,0,0,0,0,
2.3.20,11:00 AM,119,6,Grey Plover,4,4,0,0,0,0,
2.3.20,11:00 AM,119,6,Lesser Sand Plover,26,26,0,0,0,0,
24.3.20,9:00 AM,118,1,Common Redshank,21,13,3,0,5,0,
24.3.20,9:00 AM,118,1,Black-headed Ibis,6,2,2,2,0,0,
24.3.20,9:00 AM,118,1,Pied Avocet,8,4,1,0,3,0,
24.3.20,9:00 AM,118,1,Kentish Plover,7,3,2,0,2,0,
24.3.20,9:30 AM,118,2,Black-headed Ibis,6,3,1,1,1,0,
24.3.20,9:30 AM,118,2,Common Redshank,28,21,0,0,7,0,
24.3.20,9:30 AM,118,2,Black-tailed Godwit,22,22,0,0,0,0,
24.3.20,9:30 AM,118,2,Pied Avocet,11,10,1,0,0,0,
24.3.20,10:00 AM,118,3,Lesser Sand Plover,1,1,0,0,0,0,
24.3.20,10:00 AM,118,3,Common Redshank,23,23,0,0,0,0,
24.3.20,10:00 AM,118,3,Black-tailed Godwit,22,19,0,3,0,0,
24.3.20,10:00 AM,118,3,Little Stint,2,2,0,0,0,0,
24.3.20,10:00 AM,118,3,Black-headed Ibis,6,6,0,0,0,0,
24.3.20,10:00 AM,118,3,Pied Avocet,11,11,0,0,0,0,
24.3.20,10:30 AM,118,4,Black-tailed Godwit,18,18,0,0,0,0,
24.3.20,10:30 AM,118,4,Black-headed Ibis,6,6,0,0,0,0,
24.3.20,10:30 AM,118,4,Common Greenshank,1,1,0,0,0,0,
24.3.20,10:30 AM,118,4,Common Redshank,19,19,0,0,0,0,
24.3.20,10:30 AM,118,4,Lesser Sand Plover,18,18,0,0,0,0,
24.3.20,10:30 AM,118,4,Pied Avocet,11,11,0,0,0,0,
24.3.20,11:00 AM,118,5,Temminck's Stint,1,1,0,0,0,0,
24.3.20,11:00 AM,118,5,Little Stint,3,3,0,0,0,0,
24.3.20,11:00 AM,118,5,Common Redshank,12,12,0,0,0,0,
24.3.20,11:00 AM,118,5,Common Greenshank,2,2,0,0,0,0,
24.3.20,11:00 AM,118,5,Black-tailed Godwit,18,18,0,0,0,0,
24.3.20,11:00 AM,118,5,Black-headed Ibis,4,3,1,0,0,0,
24.3.20,11:00 AM,118,5,Lesser Sand Plover,23,23,0,0,0,0,
24.3.20,11:30 AM,118,6,Black-tailed Godwit,14,14,0,0,0,0,
24.3.20,11:30 AM,118,6,Black-headed Ibis,4,4,0,0,0,0,
24.3.20,11:30 AM,118,6,Lesser Sand Plover,14,14,0,0,0,0,
24.3.20,11:30 AM,118,6,Common Redshank,19,19,0,0,0,0,
24.3.20,11:30 AM,118,6,Common Greenshank,1,1,0,0,0,0,
24.3.20,11:30 AM,118,6,Little Stint,1,1,0,0,0,0,
24.3.20,11:30 AM,118,6,Pied Avocet,3,3,0,0,0,0,
21.3.20,1:20 PM,12,1,0,0,0,0,0,0,0,
21.3.20,1:50 PM,12,2,Eurasian Curlew,4,3,0,1,0,0,
21.3.20,1:50 PM,12,2,Black-headed Ibis,1,1,0,0,0,0,
21.3.20,2:20 PM,12,3,Eurasian Curlew,3,2,0,0,1,0,
21.3.20,2:20 PM,12,3,Common Redshank,3,3,0,0,0,0,
21.3.20,2:20 PM,12,3,Black-headed Ibis,3,3,0,0,0,0,
21.3.20,2:20 PM,12,3,Common Sandpiper,2,2,0,0,0,0,
21.3.20,2:50 PM,12,4,Eurasian Curlew,3,3,0,0,0,0,
21.3.20,2:50 PM,12,4,Common Redshank,2,2,0,0,0,0,
21.3.20,2:50 PM,12,4,Black-headed Ibis,2,2,0,0,0,0,
21.3.20,2:50 PM,12,4,Black-tailed Godwit,1,1,0,0,0,0,
21.3.20,2:50 PM,12,4,Common Sandpiper,2,2,0,0,0,0,
21.3.20,2:50 PM,12,4,Kentish Plover,3,3,0,0,0,0,
21.3.20,3:20 PM,12,5,Eurasian Curlew,4,2,0,0,2,0,
21.3.20,3:20 PM,12,5,Common Redshank,2,2,0,0,0,0,
21.3.20,3:20 PM,12,5,Black-headed Ibis,4,2,0,0,2,0,
21.3.20,3:20 PM,12,5,Grey-headed Lapwing,2,0,0,0,2,0,
21.3.20,3:20 PM,12,5,Common Sandpiper,2,2,0,0,0,0,
21.3.20,3:20 PM,12,5,Kentish Plover,3,2,0,0,1,0,
21.3.20,3:50 PM,12,6,Eurasian Curlew,4,4,0,0,0,0,
21.3.20,3:50 PM,12,6,Common Redshank,7,7,0,0,0,0,
21.3.20,3:50 PM,12,6,Black-headed Ibis,2,2,0,0,0,0,
21.3.20,3:50 PM,12,6,Grey-headed Lapwing,2,0,0,0,2,0,
21.3.20,3:50 PM,12,6,Pied Avocet,31,31,0,0,0,0,
21.3.20,3:50 PM,12,6,Kentish Plover,3,3,0,0,0,0,
21.3.20,1:30 PM,14,1,Eurasian Curlew,1,1,0,0,0,0,
21.3.20,1:30 PM,14,1,Whimbrel,1,0,0,0,1,0,
21.3.20,1:30 PM,14,1,Grey Plover,1,0,0,0,1,0,
21.3.20,1:30 PM,14,1,Pied Avocet,52,52,0,0,0,0,
21.3.20,1:30 PM,14,1,Common Greenshank,1,1,0,0,0,0,
21.3.20,1:30 PM,14,1,Kentish Plover,3,3,0,0,0,0,
21.3.20,2:00 PM,14,1,Lesser Sand Plover,4,4,0,0,0,0,
21.3.20,2:00 PM,14,2,Kentish Plover,2,2,0,0,0,0,
21.3.20,2:00 PM,14,2,Eurasian Curlew,3,3,0,0,0,0,
21.3.20,2:00 PM,14,2,Common Redshank,4,4,0,0,0,0,
21.3.20,2:00 PM,14,2,Common Greenshank,1,1,0,0,0,0,
21.3.20,2:30 PM,14,2,Whimbrel,1,1,0,0,0,0,
21.3.20,2:30 PM,14,3,Broad-billed Sandpiper,2,2,0,0,0,0,
21.3.20,2:30 PM,14,3,Kentish Plover,6,6,0,0,0,0,
21.3.20,2:30 PM,14,3,Lesser Sand Plover,52,52,0,0,0,0,
21.3.20,2:30 PM,14,3,Eurasian Curlew,6,6,0,0,0,0,
21.3.20,2:30 PM,14,3,Common Redshank,4,4,0,0,0,0,
21.3.20,2:30 PM,14,3,Common Greenshank,1,1,0,0,0,0,
21.3.20,3:00 PM,14,3,Curlew Sandpiper,6,6,0,0,0,0,
21.3.20,3:00 PM,14,4,Eurasian Curlew,19,19,0,0,0,0,
21.3.20,3:00 PM,14,4,Black-tailed Godwit,81,81,0,0,0,0,
21.3.20,3:00 PM,14,4,Common Redshank,6,6,0,0,0,0,
21.3.20,3:30 PM,14,4,Lesser Sand Plover,43,43,0,0,0,0,
21.3.20,3:30 PM,14,5,Pied Avocet,4,4,0,0,0,0,
21.3.20,3:30 PM,14,5,Eurasian Curlew,16,16,0,0,0,0,
21.3.20,3:30 PM,14,5,Common Redshank,10,10,0,0,0,0,
21.3.20,3:30 PM,14,5,Lesser Sand Plover,32,32,0,0,0,0,
21.3.20,4:00 PM,14,5,Kentish Plover,2,2,0,0,0,0,
21.3.20,4:00 PM,14,6,Kentish Plover,2,2,0,0,0,0,
21.3.20,4:00 PM,14,6,Broad-billed Sandpiper,2,2,0,0,0,0,
21.3.20,4:00 PM,14,6,Lesser Sand Plover,37,37,0,0,0,0,
21.3.20,4:00 PM,14,6,Common Redshank,5,5,0,0,0,0,
21.3.20,4:00 PM,14,6,Pied Avocet,4,4,0,0,0,0,
21.3.20,4:00 PM,14,6,Eurasian Curlew,12,12,0,0,0,0,
9.3.20,6:50 AM,156,1,Bar-tailed Godwit,1,1,0,0,0,0,
9.3.20,6:50 AM,156,1,Curlew Sandpiper,2,2,0,0,0,0,
9.3.20,6:50 AM,156,1,Black-tailed Godwit,16,16,0,0,0,0,
9.3.20,6:50 AM,156,1,Lesser Sand Plover,35,35,0,0,0,0,
9.3.20,6:50 AM,156,1,Eurasian Curlew,2,2,0,0,0,0,
9.3.20,6:50 AM,156,1,Grey Plover,12,6,0,2,4,0,
9.3.20,6:50 AM,156,1,Whimbrel,2,2,0,0,0,0,
9.3.20,6:50 AM,156,1,Common Redshank,19,12,0,0,7,0,
9.3.20,7:20 AM,156,2,Common Redshank,19,19,0,0,0,0,
9.3.20,7:20 AM,156,2,Curlew Sandpiper,2,2,0,0,0,0,
9.3.20,7:20 AM,156,2,Black-tailed Godwit,16,16,0,0,0,0,
9.3.20,7:20 AM,156,2,Lesser Sand Plover,42,42,0,0,0,0,
9.3.20,7:20 AM,156,2,Eurasian Curlew,1,1,0,0,0,0,
9.3.20,7:20 AM,156,2,Grey Plover,12,10,0,0,2,0,
9.3.20,7:20 AM,156,2,Whimbrel,1,1,0,0,0,0,
9.3.20,7:50 AM,156,3,Great Knot,2,2,0,0,0,0,
9.3.20,7:50 AM,156,3,Curlew Sandpiper,1,1,0,0,0,0,
9.3.20,7:50 AM,156,3,Black-tailed Godwit,18,18,0,0,0,0,
9.3.20,7:50 AM,156,3,Lesser Sand Plover,53,53,0,0,0,0,
9.3.20,7:50 AM,156,3,Eurasian Curlew,1,1,0,0,0,0,
9.3.20,7:50 AM,156,3,Grey Plover,12,12,0,0,0,0,
9.3.20,7:50 AM,156,3,Common Redshank,19,17,2,0,0,0,
9.3.20,8:20 AM,156,4,Common Redshank,26,26,0,0,0,0,
9.3.20,8:20 AM,156,4,Black-tailed Godwit,18,18,0,0,0,0,
9.3.20,8:20 AM,156,4,Lesser Sand Plover,55,55,0,0,0,0,
9.3.20,8:20 AM,156,4,Eurasian Curlew,3,3,0,0,0,0,
9.3.20,8:20 AM,156,4,Grey Plover,9,9,0,0,0,0,
9.3.20,8:20 AM,156,4,Common Greenshank,2,1,0,1,0,0,
9.3.20,8:50 AM,156,5,Little Stint,2,2,0,0,0,0,
9.3.20,8:50 AM,156,5,Common Redshank,26,26,0,0,0,0,
9.3.20,8:50 AM,156,5,Black-tailed Godwit,18,18,0,0,0,0,
9.3.20,8:50 AM,156,5,Lesser Sand Plover,51,51,0,0,0,0,
9.3.20,8:50 AM,156,5,Eurasian Curlew,3,3,0,0,0,0,
9.3.20,8:50 AM,156,5,Grey Plover,9,9,0,0,0,0,
9.3.20,8:50 AM,156,5,Common Greenshank,2,2,0,0,0,0,
9.3.20,9:20 AM,156,6,Little Stint,2,2,0,0,0,0,
9.3.20,9:20 AM,156,6,Common Redshank,26,26,0,0,0,0,
9.3.20,9:20 AM,156,6,Black-tailed Godwit,18,18,0,0,0,0,
9.3.20,9:20 AM,156,6,Lesser Sand Plover,51,51,0,0,0,0,
9.3.20,9:20 AM,156,6,Eurasian Curlew,3,3,0,0,0,0,
9.3.20,9:20 AM,156,6,Black-headed Ibis,9,9,0,0,0,0,
9.3.20,9:20 AM,156,6,Common Greenshank,2,2,0,0,0,0,
8.3.20,7:10 AM,152,1,Kentish Plover,6,4,0,0,2,0,
8.3.20,7:10 AM,152,1,Common Redshank,7,7,0,0,0,0,
8.3.20,7:10 AM,152,1,Black-tailed Godwit,23,20,3,0,0,0,
8.3.20,7:40 AM,152,2,Common Redshank,7,7,0,0,0,0,
8.3.20,7:40 AM,152,2,Kentish Plover,6,6,0,0,0,0,
8.3.20,7:40 AM,152,2,Lesser Sand Plover,8,8,0,0,0,0,
8.3.20,7:40 AM,152,2,Eurasian Curlew,2,2,0,0,0,0,
8.3.20,7:40 AM,152,2,Black-tailed Godwit,23,23,0,0,0,0,
8.3.20,8:10 AM,152,3,Black-tailed Godwit,19,19,0,0,0,0,
8.3.20,8:10 AM,152,3,Black-headed Ibis,7,4,1,2,0,0,
8.3.20,8:10 AM,152,3,Eurasian Curlew,3,2,0,0,1,0,
8.3.20,8:10 AM,152,3,Lesser Sand Plover,46,0,41,0,5,0,
8.3.20,8:10 AM,152,3,Common Redshank,12,12,0,0,0,0,
8.3.20,8:40 AM,152,4,Black-tailed Godwit,19,19,0,0,0,0,
8.3.20,8:40 AM,152,4,Black-headed Ibis,7,7,0,0,0,0,
8.3.20,8:40 AM,152,4,Eurasian Curlew,3,3,0,0,0,0,
8.3.20,8:40 AM,152,4,Lesser Sand Plover,46,46,0,0,0,0,
8.3.20,8:40 AM,152,4,Common Redshank,12,12,0,0,0,0,
8.3.20,8:40 AM,152,4,Grey Plover,3,1,0,0,2,0,
8.3.20,9:10 AM,152,5,Common Greenshank,1,1,0,0,0,0,
8.3.20,9:10 AM,152,5,Common Redshank,17,17,0,0,0,0,
8.3.20,9:10 AM,152,5,Lesser Sand Plover,41,41,0,0,0,0,
8.3.20,9:10 AM,152,5,Black-headed Ibis,11,11,0,0,0,0,
8.3.20,9:40 AM,152,6,Common Redshank,8,8,0,0,0,0,
8.3.20,9:40 AM,152,6,Common Greenshank,3,3,0,0,0,0,
8.3.20,9:40 AM,152,6,Lesser Sand Plover,36,36,0,0,0,0,
8.3.20,9:40 AM,152,6,Eurasian Curlew,2,2,0,0,0,0,
8.3.20,9:40 AM,152,6,Black-headed Ibis,11,11,0,0,0,0,
8.3.20,9:40 AM,152,6,Pied Avocet,2,2,0,0,0,0,
25.3.20,10:00 AM,154,1,Eurasian Curlew,4,1,1,1,1,0,
25.3.20,10:00 AM,154,1,Black-tailed Godwit,37,0,31,4,2,0,
25.3.20,10:00 AM,154,1,Common Redshank,8,0,2,0,6,0,
25.3.20,10:00 AM,154,1,Common Greenshank,1,0,0,1,0,0,
25.3.20,10:00 AM,154,1,Black-headed Ibis,16,11,0,0,5,0,
25.3.20,10:00 AM,154,1,Curlew Sandpiper,2,2,0,0,0,0,
25.3.20,10:00 AM,154,1,Lesser Sand Plover,8,7,0,0,1,0,
25.3.20,10:00 AM,154,1,Little Stint,5,5,0,0,0,0,
25.3.20,10:30 AM,154,2,Great Knot,1,1,0,0,0,0,
25.3.20,10:30 AM,154,2,Curlew Sandpiper,2,2,0,0,0,0,
25.3.20,10:30 AM,154,2,Grey Plover,4,1,0,0,3,0,
25.3.20,10:30 AM,154,2,Broad-billed Sandpiper,1,1,0,0,0,0,
25.3.20,10:30 AM,154,2,Common Redshank,6,6,0,0,0,0,
25.3.20,10:30 AM,154,2,Black-tailed Godwit,37,37,0,0,0,0,
25.3.20,10:30 AM,154,2,Common Greenshank,2,2,0,0,0,0,
25.3.20,10:30 AM,154,2,Black-headed Ibis,7,7,0,0,0,0,
25.3.20,10:30 AM,154,2,Lesser Sand Plover,23,23,0,0,0,0,
25.3.20,10:30 AM,154,2,Little Stint,5,5,0,0,0,0,
25.3.20,11:00 AM,154,3,Curlew Sandpiper,2,2,0,0,0,0,
25.3.20,11:00 AM,154,3,Grey Plover,4,4,0,0,0,0,
25.3.20,11:00 AM,154,3,Broad-billed Sandpiper,1,1,0,0,0,0,
25.3.20,11:00 AM,154,3,Common Redshank,6,6,0,0,0,0,
25.3.20,11:00 AM,154,3,Black-tailed Godwit,37,36,0,1,0,0,
25.3.20,11:00 AM,154,3,Common Greenshank,2,1,0,0,1,0,
25.3.20,11:00 AM,154,3,Black-headed Ibis,7,3,0,0,4,0,
25.3.20,11:00 AM,154,3,Lesser Sand Plover,23,23,0,0,0,0,
25.3.20,11:00 AM,154,3,Little Stint,5,5,0,0,0,0,
25.3.20,11:30 AM,154,4,Pied Avocet,3,3,0,0,0,0,
25.3.20,11:30 AM,154,4,Black-headed Ibis,7,7,0,0,0,0,
25.3.20,11:30 AM,154,4,Black-tailed Godwit,28,28,0,0,0,0,
25.3.20,11:30 AM,154,4,Lesser Sand Plover,23,23,0,0,0,0,
25.3.20,11:30 AM,154,4,Common Redshank,11,11,0,0,0,0,
25.3.20,11:30 AM,154,5,Common Greenshank,6,6,0,0,0,0,
25.3.20,11:30 AM,154,5,Black-headed Ibis,6,6,0,0,0,0,
25.3.20,11:30 AM,154,5,Common Redshank,11,11,0,0,0,0,
25.3.20,11:30 AM,154,5,Black-tailed Godwit,25,25,0,0,0,0,
25.3.20,11:30 AM,154,5,Curlew Sandpiper,1,1,0,0,0,0,
25.3.20,11:30 AM,154,5,Lesser Sand Plover,21,21,0,0,0,0,
25.3.20,12:30 PM,154,6,Little Stint,4,4,0,0,0,0,
25.3.20,12:30 PM,154,6,Kentish Plover,2,2,0,0,0,0,
25.3.20,12:30 PM,154,6,Common Redshank,13,13,0,0,0,0,
25.3.20,12:30 PM,154,6,Common Greenshank,1,1,0,0,0,0,
25.3.20,12:30 PM,154,6,Black-headed Ibis,6,6,0,0,0,0,
25.3.20,12:30 PM,154,6,Black-tailed Godwit,21,21,0,0,0,0,
25.3.20,12:30 PM,154,6,Lesser Sand Plover,22,22,0,0,0,0,
25.3.20,12:30 PM,154,6,Eurasian Curlew,1,1,0,0,0,0,
18.3.20,11:00 AM,163,1,Bar-tailed Godwit,2,2,0,0,0,0,
18.3.20,11:00 AM,163,1,Eurasian Curlew,2,2,0,0,0,0,
18.3.20,11:00 AM,163,1,Whimbrel,5,1,0,0,4,0,
18.3.20,11:00 AM,163,1,Common Redshank,24,24,0,0,0,0,
18.3.20,11:00 AM,163,1,Grey Plover,1,1,0,0,0,0,
18.3.20,11:00 AM,163,1,Lesser Sand Plover,7,7,0,0,0,0,
18.3.20,11:30 AM,163,2,Eurasian Curlew,10,10,0,0,0,0,"Human-19, walking through the segment"
18.3.20,11:30 AM,163,2,Lesser Sand Plover,12,12,0,0,0,0,
18.3.20,11:30 AM,163,2,Grey Plover,2,2,0,0,0,0,
18.3.20,11:30 AM,163,2,Whimbrel,4,4,0,0,0,0,
18.3.20,11:30 AM,163,2,Black-tailed Godwit,4,4,0,0,0,0,
18.3.20,11:30 AM,163,2,Bar-tailed Godwit,1,1,0,0,0,0,
18.3.20,11:30 AM,163,2,Common Redshank,13,13,0,0,0,0,
18.3.20,12.00 PM,163,3,Black-headed Ibis,9,9,0,0,0,0,
18.3.20,12.00 PM,163,3,Black-tailed Godwit,5,5,0,0,0,0,
18.3.20,12.00 PM,163,3,Common Redshank,7,7,0,0,0,0,
18.3.20,12.00 PM,163,3,Whimbrel,3,3,0,0,0,0,
18.3.20,12.00 PM,163,3,Great Knot,1,1,0,0,0,0,
18.3.20,12.00 PM,163,3,Lesser Sand Plover,9,9,0,0,0,0,
18.3.20,12:30 PM,163,4,Black-headed Ibis,16,16,0,0,0,0,
18.3.20,12:30 PM,163,4,Common Redshank,22,22,0,0,0,0,
18.3.20,12:30 PM,163,4,Black-tailed Godwit,24,24,0,0,0,0,
18.3.20,12:30 PM,163,4,Whimbrel,5,5,0,0,0,0,
18.3.20,12:30 PM,163,4,Eurasian Curlew,3,3,0,0,0,0,
18.3.20,12:30 PM,163,4,Lesser Sand Plover,31,31,0,0,0,0,
18.3.20,1:00 PM,163,5,Common Redshank,13,13,0,0,0,0,
18.3.20,1:00 PM,163,5,Black-tailed Godwit,5,5,0,0,0,0,
18.3.20,1:00 PM,163,5,Black-headed Ibis,5,5,0,0,0,0,
18.3.20,1:00 PM,163,5,Lesser Sand Plover,12,12,0,0,0,0,
18.3.20,1:00 PM,163,5,Whimbrel,3,3,0,0,0,0,
18.3.20,1:00 PM,163,5,Grey Plover,2,2,0,0,0,0,
18.3.20,1:30 PM,163,6,Black-tailed Godwit,7,7,0,0,0,0,
18.3.20,1:30 PM,163,6,Common Redshank,18,18,0,0,0,0,
18.3.20,1:30 PM,163,6,Grey Plover,1,1,0,0,0,0,
18.3.20,1:30 PM,163,6,Whimbrel,2,2,0,0,0,0,
18.3.20,1:30 PM,163,6,Black-headed Ibis,7,7,0,0,0,0,
18.3.20,1:30 PM,163,6,Lesser Sand Plover,8,8,0,0,0,0,
18.3.20,1:30 PM,163,6,Eurasian Curlew,1,1,0,0,0,0,
18.3.20,1:30 PM,163,6,Little Stint,2,2,0,0,0,0,
20.3.20,12:00 PM,151,1,Black-headed Ibis,5,0,0,3,2,0,
20.3.20,12:00 PM,151,1,Small Pratincole,7,0,0,0,7,0,
20.3.20,12:00 PM,151,1,Eurasian Curlew,77,0,0,0,77,0,
20.3.20,12:00 PM,151,1,Kentish Plover,1,0,0,1,0,0,
20.3.20,12:00 PM,151,1,Lesser Sand Plover,2,0,0,0,2,0,
20.3.20,12:30 PM,151,2,Kentish Plover,2,2,0,0,0,0,
20.3.20,1:00 PM,151,3,Kentish Plover,6,6,0,0,0,0,
20.3.20,1:30 PM,151,4,Lesser Sand Plover,2,2,0,0,0,0,
20.3.20,1:30 PM,151,4,Kentish Plover,6,6,0,0,0,0,
20.3.20,1:30 PM,151,4,Small Pratincole,1,0,0,0,1,0,
20.3.20,2:00 PM,151,5,Lesser Sand Plover,3,3,0,0,0,0,
20.3.20,2:00 PM,151,5,Kentish Plover,3,3,0,0,0,0,
20.3.20,2:00 PM,151,5,Common Redshank,3,3,0,0,0,0,
20.3.20,2:30 PM,151,6,Eurasian Curlew,1,1,0,0,0,0,
20.3.20,2:30 PM,151,6,Lesser Sand Plover,3,3,0,0,0,0,
20.3.20,2:30 PM,151,6,Kentish Plover,3,3,0,0,0,0,
